<?xml version="1.0" encoding="UTF-8"?>
<gpx xmlns="http://www.topografix.com/GPX/1/1" xmlns:gpxtpx="http://www.garmin.com/xmlschemas/TrackPointExtension/v1" xmlns:xsi="http://www.w3.org/2001/XMLSchema-instance" xsi:schemaLocation="http://www.topografix.com/GPX/1/1 http://www.topografix.com/GPX/1/1/gpx.xsd" version="1.1" creator="gpx.py -- https://github.com/tkrajina/gpxpy">
  <trk>
    <name>gpx from keep</name>
    <type>Walk</type>
    <trkseg>
      <trkpt lat="34.82965025349697" lon="113.65438609272233">
        <ele>91.9149169921875</ele>
        <time>2026-08-06T11:50:34Z</time>
      </trkpt>
      <trkpt lat="34.82936511201198" lon="113.65449710746327">
        <ele>85.59141326788813</ele>
        <time>2026-08-06T11:51:06Z</time>
      </trkpt>
      <trkpt lat="34.829064668928986" lon="113.65462297281955">
        <ele>85.57512832712382</ele>
        <time>2026-08-06T11:51:39Z</time>
      </trkpt>
      <trkpt lat="34.82894274989588" lon="113.65463228479595">
        <ele>87.65267490036786</ele>
        <time>2026-08-06T11:51:54Z</time>
      </trkpt>
      <trkpt lat="34.828991252676175" lon="113.65460358654916">
        <ele>94.89494230039418</ele>
        <time>2026-08-06T11:52:00Z</time>
      </trkpt>
      <trkpt lat="34.829151151672406" lon="113.65463611869784">
        <ele>95.87335601449013</ele>
        <time>2026-08-06T11:52:24Z</time>
      </trkpt>
      <trkpt lat="34.82918146449544" lon="113.65470250346434">
        <ele>96.34631557110697</ele>
        <time>2026-08-06T11:52:27Z</time>
      </trkpt>
      <trkpt lat="34.82903791028084" lon="113.65455806366643">
        <ele>87.09511885140091</ele>
        <time>2026-08-06T11:52:42Z</time>
      </trkpt>
      <trkpt lat="34.82894336876638" lon="113.6546031725938">
        <ele>87.65540166385472</ele>
        <time>2026-08-06T11:52:45Z</time>
      </trkpt>
      <trkpt lat="34.82894458596431" lon="113.65469044537795">
        <ele>90.53630011156201</ele>
        <time>2026-08-06T11:52:49Z</time>
      </trkpt>
      <trkpt lat="34.82897748438254" lon="113.6546433160885">
        <ele>89.02312937751412</ele>
        <time>2026-08-06T11:53:10Z</time>
      </trkpt>
      <trkpt lat="34.82893919700661" lon="113.6546914447822">
        <ele>87.80546875111759</ele>
        <time>2026-08-06T11:53:28Z</time>
      </trkpt>
      <trkpt lat="34.82882290182289" lon="113.65472011525722">
        <ele>89.08129295893013</ele>
        <time>2026-08-06T11:53:40Z</time>
      </trkpt>
      <trkpt lat="34.8285336837469" lon="113.65485966303366">
        <ele>88.1034183492884</ele>
        <time>2026-08-06T11:54:10Z</time>
      </trkpt>
      <trkpt lat="34.8282355407775" lon="113.6549933619843">
        <ele>86.51481887884438</ele>
        <time>2026-08-06T11:54:40Z</time>
      </trkpt>
      <trkpt lat="34.82816350936299" lon="113.65498401776792">
        <ele>86.72993274684995</ele>
        <time>2026-08-06T11:54:46Z</time>
      </trkpt>
      <trkpt lat="34.828050415219984" lon="113.6550589302649">
        <ele>86.50972754042596</ele>
        <time>2026-08-06T11:54:59Z</time>
      </trkpt>
      <trkpt lat="34.82773786961758" lon="113.65518265421406">
        <ele>87.23827095795423</ele>
        <time>2026-08-06T11:55:29Z</time>
      </trkpt>
      <trkpt lat="34.82750987002649" lon="113.65529068080508">
        <ele>85.27864750474691</ele>
        <time>2026-08-06T11:55:53Z</time>
      </trkpt>
      <trkpt lat="34.82733491045065" lon="113.65534551439329">
        <ele>86.25599734671414</ele>
        <time>2026-08-06T11:56:11Z</time>
      </trkpt>
      <trkpt lat="34.82703963771976" lon="113.65547768355745">
        <ele>88.482247360982</ele>
        <time>2026-08-06T11:56:41Z</time>
      </trkpt>
      <trkpt lat="34.826743148833145" lon="113.65560450857403">
        <ele>87.30769877228886</ele>
        <time>2026-08-06T11:57:14Z</time>
      </trkpt>
      <trkpt lat="34.826570871464625" lon="113.65571021139147">
        <ele>86.4471319951117</ele>
        <time>2026-08-06T11:57:35Z</time>
      </trkpt>
      <trkpt lat="34.82658377558719" lon="113.65577942859272">
        <ele>85.747922539711</ele>
        <time>2026-08-06T11:57:44Z</time>
      </trkpt>
      <trkpt lat="34.82669020739822" lon="113.6557707716026">
        <ele>85.64571096934378</ele>
        <time>2026-08-06T11:57:56Z</time>
      </trkpt>
      <trkpt lat="34.82691908827746" lon="113.65566773065939">
        <ele>85.60778750758618</ele>
        <time>2026-08-06T11:58:20Z</time>
      </trkpt>
      <trkpt lat="34.82700630705151" lon="113.65566047356629">
        <ele>84.74187479540706</ele>
        <time>2026-08-06T11:58:26Z</time>
      </trkpt>
      <trkpt lat="34.827155310411825" lon="113.65557458090422">
        <ele>84.8371012378484</ele>
        <time>2026-08-06T11:58:44Z</time>
      </trkpt>
      <trkpt lat="34.82740206326701" lon="113.6554817763376">
        <ele>84.67913353163749</ele>
        <time>2026-08-06T11:59:10Z</time>
      </trkpt>
      <trkpt lat="34.827680971253685" lon="113.65535027225941">
        <ele>84.4088933924213</ele>
        <time>2026-08-06T11:59:39Z</time>
      </trkpt>
      <trkpt lat="34.82797062350335" lon="113.65523457092789">
        <ele>85.1445927452296</ele>
        <time>2026-08-06T12:00:09Z</time>
      </trkpt>
      <trkpt lat="34.82825264776674" lon="113.65512132207833">
        <ele>84.59063261374831</ele>
        <time>2026-08-06T12:00:39Z</time>
      </trkpt>
      <trkpt lat="34.828523347512885" lon="113.65500000730113">
        <ele>85.20225339848548</ele>
        <time>2026-08-06T12:01:09Z</time>
      </trkpt>
      <trkpt lat="34.82878773107751" lon="113.65488491826369">
        <ele>84.94689418841153</ele>
        <time>2026-08-06T12:01:37Z</time>
      </trkpt>
      <trkpt lat="34.82906658953757" lon="113.65476719350738">
        <ele>86.144028108567</ele>
        <time>2026-08-06T12:02:07Z</time>
      </trkpt>
      <trkpt lat="34.82934157261558" lon="113.65464923864056">
        <ele>83.80121864471585</ele>
        <time>2026-08-06T12:02:37Z</time>
      </trkpt>
      <trkpt lat="34.82962006767066" lon="113.65453414666152">
        <ele>85.74660046957433</ele>
        <time>2026-08-06T12:03:07Z</time>
      </trkpt>
      <trkpt lat="34.82982926483157" lon="113.65443849830962">
        <ele>86.54567602369934</ele>
        <time>2026-08-06T12:03:29Z</time>
      </trkpt>
      <trkpt lat="34.82987124567606" lon="113.6543876414725">
        <ele>87.33789824321866</ele>
        <time>2026-08-06T12:03:35Z</time>
      </trkpt>
      <trkpt lat="34.829859283653356" lon="113.6543067799432">
        <ele>88.13396411854774</ele>
        <time>2026-08-06T12:03:44Z</time>
      </trkpt>
      <trkpt lat="34.82989244651145" lon="113.65434419170909">
        <ele>89.9764406317845</ele>
        <time>2026-08-06T12:03:53Z</time>
      </trkpt>
      <trkpt lat="34.82988214432447" lon="113.65471886543195">
        <ele>89.36491651646793</ele>
        <time>2026-08-06T12:04:20Z</time>
      </trkpt>
      <trkpt lat="34.82987276546212" lon="113.65485414112162">
        <ele>89.75912563409656</ele>
        <time>2026-08-06T12:04:32Z</time>
      </trkpt>
      <trkpt lat="34.82981861835683" lon="113.65523809146259">
        <ele>88.749217745848</ele>
        <time>2026-08-06T12:06:48Z</time>
      </trkpt>
      <trkpt lat="34.829809545007244" lon="113.65557835368698">
        <ele>87.8495704755187</ele>
        <time>2026-08-06T12:07:18Z</time>
      </trkpt>
      <trkpt lat="34.8298177556751" lon="113.65563681002128">
        <ele>88.24550092127174</ele>
        <time>2026-08-06T12:07:24Z</time>
      </trkpt>
      <trkpt lat="34.829815145305766" lon="113.65601917683985">
        <ele>85.05997347738594</ele>
        <time>2026-08-06T12:08:40Z</time>
      </trkpt>
      <trkpt lat="34.82967757522953" lon="113.65601914836859">
        <ele>84.79532346781343</ele>
        <time>2026-08-06T12:08:55Z</time>
      </trkpt>
      <trkpt lat="34.82938881917074" lon="113.65615350065322">
        <ele>81.80194168537855</ele>
        <time>2026-08-06T12:09:25Z</time>
      </trkpt>
      <trkpt lat="34.829104075123624" lon="113.65625980280416">
        <ele>81.76048708613962</ele>
        <time>2026-08-06T12:09:52Z</time>
      </trkpt>
      <trkpt lat="34.82904502457724" lon="113.6563044826723">
        <ele>81.98799796402454</ele>
        <time>2026-08-06T12:09:58Z</time>
      </trkpt>
      <trkpt lat="34.829103961238395" lon="113.6564716705764">
        <ele>82.45851412881166</ele>
        <time>2026-08-06T12:10:16Z</time>
      </trkpt>
      <trkpt lat="34.82912820807548" lon="113.65654040082457">
        <ele>82.87219848949462</ele>
        <time>2026-08-06T12:10:22Z</time>
      </trkpt>
      <trkpt lat="34.829122302533236" lon="113.65660276047555">
        <ele>82.66095418855548</ele>
        <time>2026-08-06T12:10:28Z</time>
      </trkpt>
      <trkpt lat="34.8290899056562" lon="113.65667862535155">
        <ele>82.68605364765972</ele>
        <time>2026-08-06T12:10:34Z</time>
      </trkpt>
      <trkpt lat="34.829119422496795" lon="113.65675750866484">
        <ele>82.12861729972064</ele>
        <time>2026-08-06T12:10:40Z</time>
      </trkpt>
      <trkpt lat="34.82922314023777" lon="113.65686342625641">
        <ele>83.29393603373319</ele>
        <time>2026-08-06T12:10:52Z</time>
      </trkpt>
      <trkpt lat="34.829253473081195" lon="113.65693310872331">
        <ele>84.22353063058108</ele>
        <time>2026-08-06T12:10:58Z</time>
      </trkpt>
      <trkpt lat="34.82925885304247" lon="113.65699256058438">
        <ele>84.30402729380876</ele>
        <time>2026-08-06T12:11:01Z</time>
      </trkpt>
      <trkpt lat="34.829286930035494" lon="113.65704208070997">
        <ele>85.39072088710964</ele>
        <time>2026-08-06T12:11:07Z</time>
      </trkpt>
      <trkpt lat="34.82929591442482" lon="113.65712429917293">
        <ele>86.36683776136488</ele>
        <time>2026-08-06T12:11:13Z</time>
      </trkpt>
      <trkpt lat="34.82926240836218" lon="113.65720690266744">
        <ele>85.94590104464442</ele>
        <time>2026-08-06T12:11:19Z</time>
      </trkpt>
      <trkpt lat="34.82926198116976" lon="113.65755764983324">
        <ele>82.67474299483001</ele>
        <time>2026-08-06T12:11:45Z</time>
      </trkpt>
      <trkpt lat="34.82924305038522" lon="113.65783275791881">
        <ele>85.20849108602852</ele>
        <time>2026-08-06T12:12:05Z</time>
      </trkpt>
      <trkpt lat="34.82922024959309" lon="113.65791291271124">
        <ele>87.13908925931901</ele>
        <time>2026-08-06T12:12:11Z</time>
      </trkpt>
      <trkpt lat="34.829205440875995" lon="113.65815474492042">
        <ele>84.93094448000193</ele>
        <time>2026-08-06T12:12:29Z</time>
      </trkpt>
      <trkpt lat="34.829213942130906" lon="113.65831440956165">
        <ele>85.05943230446428</ele>
        <time>2026-08-06T12:12:41Z</time>
      </trkpt>
      <trkpt lat="34.82919581124309" lon="113.65857131952534">
        <ele>86.14016839489341</ele>
        <time>2026-08-06T12:12:59Z</time>
      </trkpt>
      <trkpt lat="34.82921058149414" lon="113.65866891090559">
        <ele>86.220523503609</ele>
        <time>2026-08-06T12:13:05Z</time>
      </trkpt>
      <trkpt lat="34.82916881175701" lon="113.65890864560542">
        <ele>84.93670177366585</ele>
        <time>2026-08-06T12:13:23Z</time>
      </trkpt>
      <trkpt lat="34.82912256877699" lon="113.65891380351417">
        <ele>84.26382713206112</ele>
        <time>2026-08-06T12:13:29Z</time>
      </trkpt>
      <trkpt lat="34.82901504473584" lon="113.6588907513148">
        <ele>83.98985568247736</ele>
        <time>2026-08-06T12:13:44Z</time>
      </trkpt>
      <trkpt lat="34.829005197448716" lon="113.65874280418632">
        <ele>90.28640939481556</ele>
        <time>2026-08-06T12:13:51Z</time>
      </trkpt>
      <trkpt lat="34.82909200821879" lon="113.65886611835536">
        <ele>93.64</ele>
        <time>2026-08-06T12:14:09Z</time>
      </trkpt>
      <trkpt lat="34.82902624849153" lon="113.65869412921573">
        <ele>93.65125195854787</ele>
        <time>2026-08-06T12:15:02Z</time>
      </trkpt>
      <trkpt lat="34.82894760421455" lon="113.65874241065562">
        <ele>93.7885711507391</ele>
        <time>2026-08-06T12:15:07Z</time>
      </trkpt>
      <trkpt lat="34.82889817845115" lon="113.65864941742505">
        <ele>93.82649378763156</ele>
        <time>2026-08-06T12:15:13Z</time>
      </trkpt>
      <trkpt lat="34.82882311214485" lon="113.65868621276384">
        <ele>150.18598940610408</ele>
        <time>2026-08-06T12:15:19Z</time>
      </trkpt>
      <trkpt lat="34.82882466327265" lon="113.65878646961731">
        <ele>129.7555767633021</ele>
        <time>2026-08-06T12:15:38Z</time>
      </trkpt>
      <trkpt lat="34.82886510957192" lon="113.6587611322105">
        <ele>129.46312949247658</ele>
        <time>2026-08-06T12:15:41Z</time>
      </trkpt>
      <trkpt lat="34.82881987738059" lon="113.65877751656092">
        <ele>131.2073740568012</ele>
        <time>2026-08-06T12:15:50Z</time>
      </trkpt>
      <trkpt lat="34.82891755647094" lon="113.65884364979738">
        <ele>141.93249934446067</ele>
        <time>2026-08-06T12:16:12Z</time>
      </trkpt>
      <trkpt lat="34.82894403056865" lon="113.65892700155445">
        <ele>144.60012909118086</ele>
        <time>2026-08-06T12:16:15Z</time>
      </trkpt>
      <trkpt lat="34.828904186614956" lon="113.65886818147388">
        <ele>145.9757613511756</ele>
        <time>2026-08-06T12:16:21Z</time>
      </trkpt>
      <trkpt lat="34.82881313414382" lon="113.6588559948757">
        <ele>147.65402316581458</ele>
        <time>2026-08-06T12:16:30Z</time>
      </trkpt>
      <trkpt lat="34.82876830108908" lon="113.6588055160135">
        <ele>147.94154716376215</ele>
        <time>2026-08-06T12:16:33Z</time>
      </trkpt>
      <trkpt lat="34.82874224078263" lon="113.65885742173309">
        <ele>149.5418670689687</ele>
        <time>2026-08-06T12:16:36Z</time>
      </trkpt>
      <trkpt lat="34.828772811566104" lon="113.65878185171533">
        <ele>148.7086586356163</ele>
        <time>2026-08-06T12:16:39Z</time>
      </trkpt>
      <trkpt lat="34.82879861809349" lon="113.6587353070536">
        <ele>146.87746562541298</ele>
        <time>2026-08-06T12:17:57Z</time>
      </trkpt>
      <trkpt lat="34.82883455091584" lon="113.65869474731375">
        <ele>142.98005517924807</ele>
        <time>2026-08-06T12:35:07Z</time>
      </trkpt>
      <trkpt lat="34.82893589769085" lon="113.65874461768733">
        <ele>122.8</ele>
        <time>2026-08-06T12:35:38Z</time>
      </trkpt>
      <trkpt lat="34.82902730491755" lon="113.6588034824959">
        <ele>149.74209525295498</ele>
        <time>2026-08-06T12:35:54Z</time>
      </trkpt>
      <trkpt lat="34.82897116061177" lon="113.65876740401532">
        <ele>163.56127088423818</ele>
        <time>2026-08-06T12:37:12Z</time>
      </trkpt>
      <trkpt lat="34.828904853033436" lon="113.65875357973785">
        <ele>159.11235751677305</ele>
        <time>2026-08-06T12:37:19Z</time>
      </trkpt>
      <trkpt lat="34.82914588710339" lon="113.65887159279588">
        <ele>153.90777071658522</ele>
        <time>2026-08-06T12:37:28Z</time>
      </trkpt>
      <trkpt lat="34.82884095492695" lon="113.65868884393109">
        <ele>165.08012482710183</ele>
        <time>2026-08-06T12:37:46Z</time>
      </trkpt>
      <trkpt lat="34.829105094074734" lon="113.65881435152212">
        <ele>162.08718825597316</ele>
        <time>2026-08-06T12:38:04Z</time>
      </trkpt>
      <trkpt lat="34.82902635667555" lon="113.65877113028922">
        <ele>166.66148123517632</ele>
        <time>2026-08-06T12:38:13Z</time>
      </trkpt>
      <trkpt lat="34.828981884259825" lon="113.65878721868195">
        <ele>160.8431433653459</ele>
        <time>2026-08-06T12:38:19Z</time>
      </trkpt>
      <trkpt lat="34.82932670261629" lon="113.6589796414258">
        <ele>152.39202798344195</ele>
        <time>2026-08-06T12:38:28Z</time>
      </trkpt>
      <trkpt lat="34.82927537404198" lon="113.65894686988493">
        <ele>153.40165415406227</ele>
        <time>2026-08-06T12:38:52Z</time>
      </trkpt>
      <trkpt lat="34.82932339099739" lon="113.65895908523173">
        <ele>152.46174621209502</ele>
        <time>2026-08-06T12:39:01Z</time>
      </trkpt>
      <trkpt lat="34.829182813909334" lon="113.65885116758977">
        <ele>162.68079390376806</ele>
        <time>2026-08-06T12:39:19Z</time>
      </trkpt>
      <trkpt lat="34.82923947965624" lon="113.65888237512222">
        <ele>159.81135860364884</ele>
        <time>2026-08-06T12:39:26Z</time>
      </trkpt>
      <trkpt lat="34.82928196121086" lon="113.65895141133785">
        <ele>155.44703086372465</ele>
        <time>2026-08-06T12:39:35Z</time>
      </trkpt>
      <trkpt lat="34.82900766044235" lon="113.65874887523469">
        <ele>170.43578513991088</ele>
        <time>2026-08-06T12:39:44Z</time>
      </trkpt>
      <trkpt lat="34.829051820878924" lon="113.65876017494527">
        <ele>170.33985671587288</ele>
        <time>2026-08-06T12:39:50Z</time>
      </trkpt>
      <trkpt lat="34.8291342217525" lon="113.6588235943707">
        <ele>166.73444166313857</ele>
        <time>2026-08-06T12:40:02Z</time>
      </trkpt>
      <trkpt lat="34.829052350873674" lon="113.65876296343858">
        <ele>167.45948382467031</ele>
        <time>2026-08-06T12:40:20Z</time>
      </trkpt>
      <trkpt lat="34.82919611224029" lon="113.65883531752617">
        <ele>160.24021138530225</ele>
        <time>2026-08-06T12:40:29Z</time>
      </trkpt>
      <trkpt lat="34.829150228632834" lon="113.658829746708">
        <ele>160.2094694925472</ele>
        <time>2026-08-06T12:40:32Z</time>
      </trkpt>
      <trkpt lat="34.828962251863175" lon="113.65874342180886">
        <ele>162.94678248558193</ele>
        <time>2026-08-06T12:40:44Z</time>
      </trkpt>
      <trkpt lat="34.82911233087771" lon="113.65881921406313">
        <ele>164.46037514973432</ele>
        <time>2026-08-06T12:40:47Z</time>
      </trkpt>
      <trkpt lat="34.82921141573822" lon="113.65889266735819">
        <ele>157.33097167592496</ele>
        <time>2026-08-06T12:40:56Z</time>
      </trkpt>
      <trkpt lat="34.82898441788836" lon="113.65873295144713">
        <ele>166.58291392307729</ele>
        <time>2026-08-06T12:41:14Z</time>
      </trkpt>
      <trkpt lat="34.829080034748465" lon="113.65881412111578">
        <ele>170.083845641464</ele>
        <time>2026-08-06T12:41:20Z</time>
      </trkpt>
      <trkpt lat="34.82913903007014" lon="113.6588171013475">
        <ele>166.1645552413538</ele>
        <time>2026-08-06T12:41:23Z</time>
      </trkpt>
      <trkpt lat="34.829106010556494" lon="113.65877636751513">
        <ele>166.2711342247203</ele>
        <time>2026-08-06T12:41:42Z</time>
      </trkpt>
      <trkpt lat="34.828939167356516" lon="113.65869434573968">
        <ele>174.60947070922703</ele>
        <time>2026-08-06T12:41:48Z</time>
      </trkpt>
      <trkpt lat="34.829030502743066" lon="113.65873333933347">
        <ele>171.31382505316287</ele>
        <time>2026-08-06T12:41:57Z</time>
      </trkpt>
      <trkpt lat="34.82891339098746" lon="113.6587205469871">
        <ele>164.62325028702617</ele>
        <time>2026-08-06T12:42:15Z</time>
      </trkpt>
      <trkpt lat="34.82908420138343" lon="113.65879610754929">
        <ele>161.9573534624651</ele>
        <time>2026-08-06T12:42:24Z</time>
      </trkpt>
      <trkpt lat="34.82900481974936" lon="113.65872718177542">
        <ele>171.00531251728535</ele>
        <time>2026-08-06T12:42:36Z</time>
      </trkpt>
      <trkpt lat="34.828953250903645" lon="113.65870838716523">
        <ele>171.31887006759644</ele>
        <time>2026-08-06T12:42:42Z</time>
      </trkpt>
      <trkpt lat="34.82883321769695" lon="113.65860351679416">
        <ele>181.53352176584303</ele>
        <time>2026-08-06T12:42:51Z</time>
      </trkpt>
      <trkpt lat="34.82888218591344" lon="113.65862791820297">
        <ele>181.27016746345907</ele>
        <time>2026-08-06T12:42:54Z</time>
      </trkpt>
      <trkpt lat="34.828831755553416" lon="113.65861279420015">
        <ele>181.2825378337875</ele>
        <time>2026-08-06T12:43:03Z</time>
      </trkpt>
      <trkpt lat="34.82878686472592" lon="113.65857400987366">
        <ele>186.20189609471709</ele>
        <time>2026-08-06T12:43:27Z</time>
      </trkpt>
      <trkpt lat="34.828709590289634" lon="113.65855189512376">
        <ele>185.28572743851691</ele>
        <time>2026-08-06T12:43:33Z</time>
      </trkpt>
      <trkpt lat="34.828760178452924" lon="113.6585885218354">
        <ele>179.62969381269068</ele>
        <time>2026-08-06T12:43:40Z</time>
      </trkpt>
      <trkpt lat="34.82880219304859" lon="113.65865281351715">
        <ele>174.2249450450763</ele>
        <time>2026-08-06T12:43:49Z</time>
      </trkpt>
      <trkpt lat="34.828878538776" lon="113.65867603315515">
        <ele>166.78264119289815</ele>
        <time>2026-08-06T12:44:04Z</time>
      </trkpt>
      <trkpt lat="34.828804879380996" lon="113.6586335380478">
        <ele>173.8820246513933</ele>
        <time>2026-08-06T12:44:13Z</time>
      </trkpt>
      <trkpt lat="34.828849821257926" lon="113.65870240808702">
        <ele>165.7392595326528</ele>
        <time>2026-08-06T12:44:22Z</time>
      </trkpt>
      <trkpt lat="34.82889184433245" lon="113.65872643342709">
        <ele>163.1293480405584</ele>
        <time>2026-08-06T12:44:34Z</time>
      </trkpt>
      <trkpt lat="34.828832017486" lon="113.65870398877139">
        <ele>162.18630861025304</ele>
        <time>2026-08-06T12:44:49Z</time>
      </trkpt>
      <trkpt lat="34.82879179747185" lon="113.65867211546858">
        <ele>164.44129831437021</ele>
        <time>2026-08-06T12:44:55Z</time>
      </trkpt>
      <trkpt lat="34.82883205954199" lon="113.65871186093543">
        <ele>160.7228753073141</ele>
        <time>2026-08-06T12:44:58Z</time>
      </trkpt>
      <trkpt lat="34.82846178934662" lon="113.6585673659019">
        <ele>181.3748819604516</ele>
        <time>2026-08-06T12:45:07Z</time>
      </trkpt>
      <trkpt lat="34.828739538925866" lon="113.65856989299176">
        <ele>176.50163134932518</ele>
        <time>2026-08-06T12:45:19Z</time>
      </trkpt>
      <trkpt lat="34.82875170018652" lon="113.65866568956501">
        <ele>171.48372770566493</ele>
        <time>2026-08-06T12:45:25Z</time>
      </trkpt>
      <trkpt lat="34.82854767983602" lon="113.6585292441799">
        <ele>185.8299800781533</ele>
        <time>2026-08-06T12:45:34Z</time>
      </trkpt>
      <trkpt lat="34.82853207698418" lon="113.65865539007837">
        <ele>184.52295541018248</ele>
        <time>2026-08-06T12:45:41Z</time>
      </trkpt>
      <trkpt lat="34.82847246083073" lon="113.65860375926805">
        <ele>187.3663877788931</ele>
        <time>2026-08-06T12:45:44Z</time>
      </trkpt>
      <trkpt lat="34.82850204917608" lon="113.65874685059335">
        <ele>181.84826959110796</ele>
        <time>2026-08-06T12:45:47Z</time>
      </trkpt>
      <trkpt lat="34.82852674695752" lon="113.65864706830988">
        <ele>182.40133235044777</ele>
        <time>2026-08-06T12:45:50Z</time>
      </trkpt>
      <trkpt lat="34.82852098704589" lon="113.65859039175615">
        <ele>183.6592284142971</ele>
        <time>2026-08-06T12:45:53Z</time>
      </trkpt>
      <trkpt lat="34.828482839770665" lon="113.6586314268888">
        <ele>184.9249574188143</ele>
        <time>2026-08-06T12:45:56Z</time>
      </trkpt>
      <trkpt lat="34.828396618459344" lon="113.65861230958014">
        <ele>188.58223996683955</ele>
        <time>2026-08-06T12:46:05Z</time>
      </trkpt>
      <trkpt lat="34.82837826528823" lon="113.65855352261994">
        <ele>191.5354452058673</ele>
        <time>2026-08-06T12:46:08Z</time>
      </trkpt>
      <trkpt lat="34.828424371262926" lon="113.65857236974776">
        <ele>193.11547668091953</ele>
        <time>2026-08-06T12:46:11Z</time>
      </trkpt>
      <trkpt lat="34.82834113877202" lon="113.65856401192974">
        <ele>193.75539463106543</ele>
        <time>2026-08-06T12:46:14Z</time>
      </trkpt>
      <trkpt lat="34.82865423693145" lon="113.65868606494838">
        <ele>173.1023188335821</ele>
        <time>2026-08-06T12:46:23Z</time>
      </trkpt>
      <trkpt lat="34.82858494887551" lon="113.65868955935558">
        <ele>178.14610770437866</ele>
        <time>2026-08-06T12:46:32Z</time>
      </trkpt>
      <trkpt lat="34.828448284863505" lon="113.65854894297459">
        <ele>190.58155484776944</ele>
        <time>2026-08-06T12:46:38Z</time>
      </trkpt>
      <trkpt lat="34.828686418098464" lon="113.65870369080777">
        <ele>174.91130086034536</ele>
        <time>2026-08-06T12:46:50Z</time>
      </trkpt>
      <trkpt lat="34.828636724355626" lon="113.65874334429019">
        <ele>175.06229386664927</ele>
        <time>2026-08-06T12:46:53Z</time>
      </trkpt>
      <trkpt lat="34.828635453941494" lon="113.65868115435059">
        <ele>176.39498518779874</ele>
        <time>2026-08-06T12:46:56Z</time>
      </trkpt>
      <trkpt lat="34.82870560357786" lon="113.65863644225847">
        <ele>173.52781758271158</ele>
        <time>2026-08-06T12:46:59Z</time>
      </trkpt>
      <trkpt lat="34.82867530830474" lon="113.65867808704202">
        <ele>174.34758483059704</ele>
        <time>2026-08-06T12:47:02Z</time>
      </trkpt>
      <trkpt lat="34.828606171444314" lon="113.65870665054096">
        <ele>177.21168018504977</ele>
        <time>2026-08-06T12:47:05Z</time>
      </trkpt>
      <trkpt lat="34.82867286701289" lon="113.65865011651881">
        <ele>174.56985466741025</ele>
        <time>2026-08-06T12:47:08Z</time>
      </trkpt>
      <trkpt lat="34.8287190542935" lon="113.65869970820569">
        <ele>171.25898449495435</ele>
        <time>2026-08-06T12:47:11Z</time>
      </trkpt>
      <trkpt lat="34.828801652696555" lon="113.65874986329233">
        <ele>164.48717251885682</ele>
        <time>2026-08-06T12:47:20Z</time>
      </trkpt>
      <trkpt lat="34.82875261911576" lon="113.65878730160689">
        <ele>162.91096423007548</ele>
        <time>2026-08-06T12:47:23Z</time>
      </trkpt>
      <trkpt lat="34.828821492823536" lon="113.65880680279086">
        <ele>162.67150566726923</ele>
        <time>2026-08-06T12:47:26Z</time>
      </trkpt>
      <trkpt lat="34.82875582492902" lon="113.65880251949746">
        <ele>165.6987827727571</ele>
        <time>2026-08-06T12:47:35Z</time>
      </trkpt>
      <trkpt lat="34.82862291945931" lon="113.65871534352304">
        <ele>176.86293620895594</ele>
        <time>2026-08-06T12:47:44Z</time>
      </trkpt>
      <trkpt lat="34.82876212376685" lon="113.65875371441606">
        <ele>169.28170569520444</ele>
        <time>2026-08-06T12:47:48Z</time>
      </trkpt>
      <trkpt lat="34.828730878736714" lon="113.65880629828293">
        <ele>171.27910272032022</ele>
        <time>2026-08-06T12:47:51Z</time>
      </trkpt>
      <trkpt lat="34.82880415633182" lon="113.65881814167048">
        <ele>169.9915573867038</ele>
        <time>2026-08-06T12:47:54Z</time>
      </trkpt>
      <trkpt lat="34.828731315422594" lon="113.658803153707">
        <ele>173.55252912640572</ele>
        <time>2026-08-06T12:47:57Z</time>
      </trkpt>
      <trkpt lat="34.82878329536933" lon="113.65882018094337">
        <ele>172.1034689117223</ele>
        <time>2026-08-06T12:48:03Z</time>
      </trkpt>
      <trkpt lat="34.82862262603791" lon="113.65867926344312">
        <ele>179.59512645192444</ele>
        <time>2026-08-06T12:48:09Z</time>
      </trkpt>
      <trkpt lat="34.82871204960074" lon="113.65879608319977">
        <ele>173.84021896217018</ele>
        <time>2026-08-06T12:48:18Z</time>
      </trkpt>
      <trkpt lat="34.82855061352336" lon="113.65877311409302">
        <ele>181.89312618039548</ele>
        <time>2026-08-06T12:48:27Z</time>
      </trkpt>
      <trkpt lat="34.82863943269834" lon="113.65874759288386">
        <ele>176.24218761827797</ele>
        <time>2026-08-06T12:48:30Z</time>
      </trkpt>
      <trkpt lat="34.82857716302543" lon="113.65874975878138">
        <ele>176.67656157445163</ele>
        <time>2026-08-06T12:48:54Z</time>
      </trkpt>
      <trkpt lat="34.82845662001722" lon="113.65861957245646">
        <ele>186.07572176121175</ele>
        <time>2026-08-06T12:49:00Z</time>
      </trkpt>
      <trkpt lat="34.828788551929726" lon="113.65913669110274">
        <ele>179.7630307925865</ele>
        <time>2026-08-06T12:51:49Z</time>
      </trkpt>
      <trkpt lat="34.828842198214126" lon="113.65916468841635">
        <ele>174.00315514486283</ele>
        <time>2026-08-06T12:51:52Z</time>
      </trkpt>
      <trkpt lat="34.82869717928366" lon="113.65883103759427">
        <ele>170.6514096884057</ele>
        <time>2026-08-06T12:52:23Z</time>
      </trkpt>
      <trkpt lat="34.82878909273311" lon="113.6589907594347">
        <ele>176.0755582852289</ele>
        <time>2026-08-06T12:52:32Z</time>
      </trkpt>
      <trkpt lat="34.828533749040325" lon="113.65878940189121">
        <ele>186.61882740538567</ele>
        <time>2026-08-06T12:52:56Z</time>
      </trkpt>
      <trkpt lat="34.82848053660549" lon="113.6587622717533">
        <ele>189.8241616487503</ele>
        <time>2026-08-06T12:52:59Z</time>
      </trkpt>
      <trkpt lat="34.828517367903466" lon="113.65883293989113">
        <ele>191.80272545013577</ele>
        <time>2026-08-06T12:53:02Z</time>
      </trkpt>
      <trkpt lat="34.8284924612465" lon="113.65890459640433">
        <ele>197.4779864018783</ele>
        <time>2026-08-06T12:53:08Z</time>
      </trkpt>
      <trkpt lat="34.82875408608384" lon="113.65905380474936">
        <ele>181.83670356683433</ele>
        <time>2026-08-06T12:53:20Z</time>
      </trkpt>
      <trkpt lat="34.82864080577893" lon="113.65886347089531">
        <ele>183.34687606897205</ele>
        <time>2026-08-06T12:53:26Z</time>
      </trkpt>
      <trkpt lat="34.82847519573086" lon="113.65876729587335">
        <ele>192.25361544825137</ele>
        <time>2026-08-06T12:53:32Z</time>
      </trkpt>
      <trkpt lat="34.828353199074186" lon="113.65863514101302">
        <ele>187.2974946303293</ele>
        <time>2026-08-06T13:11:28Z</time>
      </trkpt>
      <trkpt lat="34.829016824995364" lon="113.65869531417117">
        <ele>122.28833983279765</ele>
        <time>2026-08-06T13:11:43Z</time>
      </trkpt>
      <trkpt lat="34.829140315949786" lon="113.65869417525982">
        <ele>114.15902084019035</ele>
        <time>2026-08-06T13:11:46Z</time>
      </trkpt>
      <trkpt lat="34.829214518895306" lon="113.65873532438442">
        <ele>106.682348924689</ele>
        <time>2026-08-06T13:11:49Z</time>
      </trkpt>
      <trkpt lat="34.82930066256471" lon="113.65870743631515">
        <ele>99.30639502033591</ele>
        <time>2026-08-06T13:11:52Z</time>
      </trkpt>
      <trkpt lat="34.828935382439354" lon="113.6586582924889">
        <ele>130.2620349228382</ele>
        <time>2026-08-06T13:12:01Z</time>
      </trkpt>
      <trkpt lat="34.82907490338925" lon="113.65871965598481">
        <ele>124.48047135770321</ele>
        <time>2026-08-06T13:12:07Z</time>
      </trkpt>
      <trkpt lat="34.82917431103491" lon="113.65867406327366">
        <ele>115.37134511489421</ele>
        <time>2026-08-06T13:12:16Z</time>
      </trkpt>
      <trkpt lat="34.82923762533754" lon="113.65877095553955">
        <ele>113.21189791429788</ele>
        <time>2026-08-06T13:12:19Z</time>
      </trkpt>
      <trkpt lat="34.82887644680448" lon="113.65870688258374">
        <ele>134.76928768027574</ele>
        <time>2026-08-06T13:12:31Z</time>
      </trkpt>
      <trkpt lat="34.828904925407265" lon="113.65864980140341">
        <ele>134.0658451700583</ele>
        <time>2026-08-06T13:12:34Z</time>
      </trkpt>
      <trkpt lat="34.82905415637014" lon="113.6586820774123">
        <ele>123.34039316978306</ele>
        <time>2026-08-06T13:12:52Z</time>
      </trkpt>
      <trkpt lat="34.82885315308138" lon="113.65868615996003">
        <ele>143.53585284855217</ele>
        <time>2026-08-06T13:12:59Z</time>
      </trkpt>
      <trkpt lat="34.828793063206504" lon="113.65873321970705">
        <ele>146.13592273928225</ele>
        <time>2026-08-06T13:13:11Z</time>
      </trkpt>
      <trkpt lat="34.82867230624784" lon="113.6585770615634">
        <ele>164.30850069783628</ele>
        <time>2026-08-06T13:13:17Z</time>
      </trkpt>
      <trkpt lat="34.828518176399136" lon="113.65866443869885">
        <ele>172.15006261877716</ele>
        <time>2026-08-06T13:13:23Z</time>
      </trkpt>
      <trkpt lat="34.82843028132758" lon="113.65866583231242">
        <ele>174.54485042206943</ele>
        <time>2026-08-06T13:13:26Z</time>
      </trkpt>
      <trkpt lat="34.828724641390025" lon="113.65870190820156">
        <ele>160.4786292789504</ele>
        <time>2026-08-06T13:13:35Z</time>
      </trkpt>
      <trkpt lat="34.82863113452472" lon="113.65867832779942">
        <ele>157.83329683821648</ele>
        <time>2026-08-06T13:13:38Z</time>
      </trkpt>
      <trkpt lat="34.82882374603545" lon="113.65866457059931">
        <ele>139.03530342970043</ele>
        <time>2026-08-06T13:14:05Z</time>
      </trkpt>
      <trkpt lat="34.82887493590764" lon="113.65863213955136">
        <ele>134.81690827850252</ele>
        <time>2026-08-06T13:14:32Z</time>
      </trkpt>
      <trkpt lat="34.828865684914504" lon="113.65874792004263">
        <ele>140.91599396243691</ele>
        <time>2026-08-06T13:14:41Z</time>
      </trkpt>
      <trkpt lat="34.82882874215004" lon="113.65871263734374">
        <ele>143.33505560085177</ele>
        <time>2026-08-06T13:14:44Z</time>
      </trkpt>
      <trkpt lat="34.82873145016636" lon="113.65872608501573">
        <ele>152.48113590758294</ele>
        <time>2026-08-06T13:14:53Z</time>
      </trkpt>
      <trkpt lat="34.82867577435024" lon="113.65867493474252">
        <ele>153.94383404869586</ele>
        <time>2026-08-06T13:14:56Z</time>
      </trkpt>
      <trkpt lat="34.828792839236506" lon="113.65869592484063">
        <ele>149.98846414871514</ele>
        <time>2026-08-06T13:15:02Z</time>
      </trkpt>
      <trkpt lat="34.82883242954384" lon="113.65873669202921">
        <ele>154.2448064778</ele>
        <time>2026-08-06T13:15:09Z</time>
      </trkpt>
      <trkpt lat="34.828735922870486" lon="113.65865799815658">
        <ele>165.66120346821845</ele>
        <time>2026-08-06T13:15:34Z</time>
      </trkpt>
      <trkpt lat="34.82866323999858" lon="113.65869413107359">
        <ele>167.2625175639987</ele>
        <time>2026-08-06T13:15:40Z</time>
      </trkpt>
      <trkpt lat="34.82861716307844" lon="113.65866415969973">
        <ele>167.42629576288164</ele>
        <time>2026-08-06T13:15:43Z</time>
      </trkpt>
      <trkpt lat="34.828749847460315" lon="113.65878753404378">
        <ele>154.12232643179595</ele>
        <time>2026-08-06T13:16:01Z</time>
      </trkpt>
      <trkpt lat="34.828789229104544" lon="113.65873544814255">
        <ele>152.68563053011894</ele>
        <time>2026-08-06T13:16:07Z</time>
      </trkpt>
      <trkpt lat="34.82883667396455" lon="113.65877256028233">
        <ele>153.6771349394694</ele>
        <time>2026-08-06T13:16:10Z</time>
      </trkpt>
      <trkpt lat="34.82876003576558" lon="113.65876305828316">
        <ele>153.44661380909383</ele>
        <time>2026-08-06T13:16:16Z</time>
      </trkpt>
      <trkpt lat="34.82880922429124" lon="113.658673946793">
        <ele>148.4305739644915</ele>
        <time>2026-08-06T13:16:31Z</time>
      </trkpt>
      <trkpt lat="34.82881789285473" lon="113.65873604133917">
        <ele>153.7773512629792</ele>
        <time>2026-08-06T13:16:43Z</time>
      </trkpt>
      <trkpt lat="34.8287913538917" lon="113.65867105790402">
        <ele>155.97581989504397</ele>
        <time>2026-08-06T13:17:04Z</time>
      </trkpt>
      <trkpt lat="34.8287005209174" lon="113.65859792826508">
        <ele>155.73355898726732</ele>
        <time>2026-08-06T13:17:11Z</time>
      </trkpt>
      <trkpt lat="34.82880514467055" lon="113.65871761766336">
        <ele>161.52759574819356</ele>
        <time>2026-08-06T13:17:34Z</time>
      </trkpt>
      <trkpt lat="34.828788026232026" lon="113.65877983367047">
        <ele>162.26642795093358</ele>
        <time>2026-08-06T13:17:40Z</time>
      </trkpt>
      <trkpt lat="34.828811391262334" lon="113.6587231060593">
        <ele>157.3752334807068</ele>
        <time>2026-08-06T13:18:04Z</time>
      </trkpt>
      <trkpt lat="34.82887149733626" lon="113.65873087173165">
        <ele>159.72047165501863</ele>
        <time>2026-08-06T13:18:10Z</time>
      </trkpt>
      <trkpt lat="34.82880018967827" lon="113.65869919293216">
        <ele>162.46999100595713</ele>
        <time>2026-08-06T13:18:34Z</time>
      </trkpt>
      <trkpt lat="34.82874443425875" lon="113.65877417240748">
        <ele>166.26131513062865</ele>
        <time>2026-08-06T13:18:43Z</time>
      </trkpt>
      <trkpt lat="34.828733828660376" lon="113.65871455751393">
        <ele>168.42651521414518</ele>
        <time>2026-08-06T13:18:46Z</time>
      </trkpt>
      <trkpt lat="34.82878373176913" lon="113.65869350453019">
        <ele>156.517639702186</ele>
        <time>2026-08-06T13:19:04Z</time>
      </trkpt>
      <trkpt lat="34.82873069856923" lon="113.65854484695143">
        <ele>155.51526559889317</ele>
        <time>2026-08-06T13:19:10Z</time>
      </trkpt>
      <trkpt lat="34.82880497091358" lon="113.65859986230178">
        <ele>157.46482810005546</ele>
        <time>2026-08-06T13:19:17Z</time>
      </trkpt>
      <trkpt lat="34.828784282292986" lon="113.65870416981348">
        <ele>160.8307906417176</ele>
        <time>2026-08-06T13:19:34Z</time>
      </trkpt>
      <trkpt lat="34.82883736450094" lon="113.65869813531364">
        <ele>164.23239533882588</ele>
        <time>2026-08-06T13:20:07Z</time>
      </trkpt>
      <trkpt lat="34.828724141948555" lon="113.65866584138512">
        <ele>155.2738857716322</ele>
        <time>2026-08-06T13:20:46Z</time>
      </trkpt>
      <trkpt lat="34.82880059874747" lon="113.65866765342892">
        <ele>158.48280819877982</ele>
        <time>2026-08-06T13:21:04Z</time>
      </trkpt>
      <trkpt lat="34.82883634593149" lon="113.65862737470177">
        <ele>161.5342686548829</ele>
        <time>2026-08-06T13:21:07Z</time>
      </trkpt>
      <trkpt lat="34.82877112482072" lon="113.65872319654954">
        <ele>159.9546173363924</ele>
        <time>2026-08-06T13:21:13Z</time>
      </trkpt>
      <trkpt lat="34.8288404524439" lon="113.65863796262829">
        <ele>155.3792361309752</ele>
        <time>2026-08-06T13:21:38Z</time>
      </trkpt>
      <trkpt lat="34.82883140251167" lon="113.65870081463842">
        <ele>151.36209219880402</ele>
        <time>2026-08-06T13:21:44Z</time>
      </trkpt>
      <trkpt lat="34.82883751740325" lon="113.65859889560019">
        <ele>158.1873940816149</ele>
        <time>2026-08-06T13:22:08Z</time>
      </trkpt>
      <trkpt lat="34.82878716373557" lon="113.65860428965314">
        <ele>154.81774334143847</ele>
        <time>2026-08-06T13:22:14Z</time>
      </trkpt>
      <trkpt lat="34.828656237412076" lon="113.65847527368639">
        <ele>159.0803324021399</ele>
        <time>2026-08-06T13:22:20Z</time>
      </trkpt>
      <trkpt lat="34.828871880348345" lon="113.65875242671792">
        <ele>150.2687504645437</ele>
        <time>2026-08-06T13:22:47Z</time>
      </trkpt>
      <trkpt lat="34.82884055077452" lon="113.65866209610306">
        <ele>149.54905678331852</ele>
        <time>2026-08-06T13:22:50Z</time>
      </trkpt>
      <trkpt lat="34.828779473154356" lon="113.65863884559404">
        <ele>153.98169067222625</ele>
        <time>2026-08-06T13:23:11Z</time>
      </trkpt>
      <trkpt lat="34.82880659940655" lon="113.65869403410707">
        <ele>158.3330892054364</ele>
        <time>2026-08-06T13:23:38Z</time>
      </trkpt>
      <trkpt lat="34.82879448012549" lon="113.65863422215624">
        <ele>156.56211687158793</ele>
        <time>2026-08-06T13:23:42Z</time>
      </trkpt>
      <trkpt lat="34.82879322557097" lon="113.65861467683496">
        <ele>159.68937626108527</ele>
        <time>2026-08-06T13:24:15Z</time>
      </trkpt>
      <trkpt lat="34.82873146389013" lon="113.6585721511848">
        <ele>158.4193889228627</ele>
        <time>2026-08-06T13:24:18Z</time>
      </trkpt>
      <trkpt lat="34.82867794832362" lon="113.65861335526637">
        <ele>158.62545304838568</ele>
        <time>2026-08-06T13:24:21Z</time>
      </trkpt>
      <trkpt lat="34.82862680116614" lon="113.6585930309788">
        <ele>159.39004960283637</ele>
        <time>2026-08-06T13:24:24Z</time>
      </trkpt>
      <trkpt lat="34.828794116738855" lon="113.6587013127082">
        <ele>153.58537523914129</ele>
        <time>2026-08-06T13:24:36Z</time>
      </trkpt>
      <trkpt lat="34.82877684633727" lon="113.65860790315529">
        <ele>152.99747537076473</ele>
        <time>2026-08-06T13:24:45Z</time>
      </trkpt>
      <trkpt lat="34.82877613350546" lon="113.65849632054827">
        <ele>155.09259991254658</ele>
        <time>2026-08-06T13:24:48Z</time>
      </trkpt>
      <trkpt lat="34.82882122442761" lon="113.65868209749004">
        <ele>155.9625877244398</ele>
        <time>2026-08-06T13:25:06Z</time>
      </trkpt>
      <trkpt lat="34.82872422205925" lon="113.6586320880368">
        <ele>165.71904066205025</ele>
        <time>2026-08-06T13:25:24Z</time>
      </trkpt>
      <trkpt lat="34.828715581423005" lon="113.65868871594166">
        <ele>167.13944482710212</ele>
        <time>2026-08-06T13:25:33Z</time>
      </trkpt>
      <trkpt lat="34.828805315079535" lon="113.65868841650979">
        <ele>157.7229774100706</ele>
        <time>2026-08-06T13:25:37Z</time>
      </trkpt>
      <trkpt lat="34.828732891764446" lon="113.65870658511079">
        <ele>171.62185363285244</ele>
        <time>2026-08-06T13:25:48Z</time>
      </trkpt>
      <trkpt lat="34.8286047262598" lon="113.6586153889023">
        <ele>175.61555866152048</ele>
        <time>2026-08-06T13:25:54Z</time>
      </trkpt>
      <trkpt lat="34.82885188793768" lon="113.65853044191114">
        <ele>161.4414524603635</ele>
        <time>2026-08-06T13:26:09Z</time>
      </trkpt>
      <trkpt lat="34.82879164992043" lon="113.65853640804028">
        <ele>159.81579800881445</ele>
        <time>2026-08-06T13:26:18Z</time>
      </trkpt>
      <trkpt lat="34.828748896849255" lon="113.6584211485119">
        <ele>155.96760471351445</ele>
        <time>2026-08-06T13:26:21Z</time>
      </trkpt>
      <trkpt lat="34.8287372945623" lon="113.65851135168822">
        <ele>161.09932947624475</ele>
        <time>2026-08-06T13:26:27Z</time>
      </trkpt>
      <trkpt lat="34.82881083004405" lon="113.65863378369625">
        <ele>157.56086635682732</ele>
        <time>2026-08-06T13:26:36Z</time>
      </trkpt>
      <trkpt lat="34.828808948643285" lon="113.65846157901188">
        <ele>151.4562402162701</ele>
        <time>2026-08-06T13:26:45Z</time>
      </trkpt>
      <trkpt lat="34.828781686348705" lon="113.65841558762976">
        <ele>150.29799123015255</ele>
        <time>2026-08-06T13:26:48Z</time>
      </trkpt>
      <trkpt lat="34.82866850881426" lon="113.6583493396634">
        <ele>154.19566030520946</ele>
        <time>2026-08-06T13:26:54Z</time>
      </trkpt>
      <trkpt lat="34.82882901917954" lon="113.65860261348813">
        <ele>155.76186437439173</ele>
        <time>2026-08-06T13:27:06Z</time>
      </trkpt>
      <trkpt lat="34.82885601819384" lon="113.65848935111077">
        <ele>151.29358808975667</ele>
        <time>2026-08-06T13:27:15Z</time>
      </trkpt>
      <trkpt lat="34.82879893169852" lon="113.65845050634033">
        <ele>158.13739644456655</ele>
        <time>2026-08-06T13:27:21Z</time>
      </trkpt>
      <trkpt lat="34.828859402251155" lon="113.6585295082412">
        <ele>149.39993631653488</ele>
        <time>2026-08-06T13:27:39Z</time>
      </trkpt>
      <trkpt lat="34.82886388304016" lon="113.65844167636183">
        <ele>155.1739830588922</ele>
        <time>2026-08-06T13:27:46Z</time>
      </trkpt>
      <trkpt lat="34.828914372085436" lon="113.65848360373757">
        <ele>169.06956873089075</ele>
        <time>2026-08-06T13:27:54Z</time>
      </trkpt>
      <trkpt lat="34.82884224416547" lon="113.65851717755864">
        <ele>177.46739289257675</ele>
        <time>2026-08-06T13:28:00Z</time>
      </trkpt>
      <trkpt lat="34.8286804967337" lon="113.6584344834389">
        <ele>186.04978770855814</ele>
        <time>2026-08-06T13:28:06Z</time>
      </trkpt>
      <trkpt lat="34.82879085284908" lon="113.65851966399981">
        <ele>177.37298035155982</ele>
        <time>2026-08-06T13:28:12Z</time>
      </trkpt>
      <trkpt lat="34.8287547105873" lon="113.6585891734339">
        <ele>194.2388650951907</ele>
        <time>2026-08-06T13:28:18Z</time>
      </trkpt>
      <trkpt lat="34.82869918601171" lon="113.65861484925543">
        <ele>200.24165771435946</ele>
        <time>2026-08-06T13:28:21Z</time>
      </trkpt>
      <trkpt lat="34.82860275439604" lon="113.65853951579209">
        <ele>202.16808711364865</ele>
        <time>2026-08-06T13:28:27Z</time>
      </trkpt>
      <trkpt lat="34.828463533299654" lon="113.65839294530674">
        <ele>195.11624796595424</ele>
        <time>2026-08-06T13:28:33Z</time>
      </trkpt>
      <trkpt lat="34.82883544711951" lon="113.65853774588273">
        <ele>181.9459901759401</ele>
        <time>2026-08-06T13:28:42Z</time>
      </trkpt>
      <trkpt lat="34.828797970841975" lon="113.65848527630042">
        <ele>183.67931085359305</ele>
        <time>2026-08-06T13:28:45Z</time>
      </trkpt>
      <trkpt lat="34.82879073444719" lon="113.65854954451537">
        <ele>188.40137419104576</ele>
        <time>2026-08-06T13:28:48Z</time>
      </trkpt>
      <trkpt lat="34.82873143359717" lon="113.65857090515334">
        <ele>189.34878520481288</ele>
        <time>2026-08-06T13:28:51Z</time>
      </trkpt>
      <trkpt lat="34.828640414938214" lon="113.65853181390389">
        <ele>194.0439481800422</ele>
        <time>2026-08-06T13:28:57Z</time>
      </trkpt>
      <trkpt lat="34.828581393543566" lon="113.65842929041355">
        <ele>186.6650142800063</ele>
        <time>2026-08-06T13:29:03Z</time>
      </trkpt>
      <trkpt lat="34.82882977888259" lon="113.65852987172234">
        <ele>179.9935721429065</ele>
        <time>2026-08-06T13:29:12Z</time>
      </trkpt>
      <trkpt lat="34.8288040688163" lon="113.65857916529707">
        <ele>182.2213539108634</ele>
        <time>2026-08-06T13:29:18Z</time>
      </trkpt>
      <trkpt lat="34.82874827113394" lon="113.65850333966884">
        <ele>187.99365037865937</ele>
        <time>2026-08-06T13:29:24Z</time>
      </trkpt>
      <trkpt lat="34.82868807480902" lon="113.65849990266867">
        <ele>191.2107542231679</ele>
        <time>2026-08-06T13:29:33Z</time>
      </trkpt>
      <trkpt lat="34.82867856733902" lon="113.65857455793653">
        <ele>194.75418430753052</ele>
        <time>2026-08-06T13:29:36Z</time>
      </trkpt>
      <trkpt lat="34.82882577013367" lon="113.65861687503195">
        <ele>183.9639101754874</ele>
        <time>2026-08-06T13:29:42Z</time>
      </trkpt>
      <trkpt lat="34.82885002053716" lon="113.65851400997374">
        <ele>182.05684546846896</ele>
        <time>2026-08-06T13:29:49Z</time>
      </trkpt>
      <trkpt lat="34.82865590662939" lon="113.65841990440282">
        <ele>181.24938880559057</ele>
        <time>2026-08-06T13:30:00Z</time>
      </trkpt>
      <trkpt lat="34.828829201466" lon="113.65855931968895">
        <ele>165.702177291736</ele>
        <time>2026-08-06T13:30:09Z</time>
      </trkpt>
      <trkpt lat="34.82890212235912" lon="113.65841546531136">
        <ele>165.03662911895663</ele>
        <time>2026-08-06T13:30:15Z</time>
      </trkpt>
      <trkpt lat="34.82896581297726" lon="113.65837420546698">
        <ele>164.75328865274787</ele>
        <time>2026-08-06T13:30:18Z</time>
      </trkpt>
      <trkpt lat="34.82885783113961" lon="113.65853578878179">
        <ele>173.85198148991913</ele>
        <time>2026-08-06T13:30:39Z</time>
      </trkpt>
      <trkpt lat="34.82895893750055" lon="113.65860513225037">
        <ele>182.7671247664839</ele>
        <time>2026-08-06T13:30:48Z</time>
      </trkpt>
      <trkpt lat="34.82881495765143" lon="113.65863942505852">
        <ele>187.43274779152125</ele>
        <time>2026-08-06T13:31:09Z</time>
      </trkpt>
      <trkpt lat="34.8288134154325" lon="113.65858026588893">
        <ele>189.65743845235556</ele>
        <time>2026-08-06T13:31:12Z</time>
      </trkpt>
      <trkpt lat="34.82886773253788" lon="113.65861395327191">
        <ele>195.19876031763852</ele>
        <time>2026-08-06T13:31:18Z</time>
      </trkpt>
      <trkpt lat="34.8287748880766" lon="113.65862866802011">
        <ele>188.0702722882852</ele>
        <time>2026-08-06T13:31:39Z</time>
      </trkpt>
      <trkpt lat="34.828752236637364" lon="113.65855831381255">
        <ele>187.25030200183392</ele>
        <time>2026-08-06T13:31:42Z</time>
      </trkpt>
      <trkpt lat="34.8288063298024" lon="113.6586512189238">
        <ele>187.496882381849</ele>
        <time>2026-08-06T13:32:09Z</time>
      </trkpt>
      <trkpt lat="34.828794259934014" lon="113.6585758155587">
        <ele>188.6304447632283</ele>
        <time>2026-08-06T13:32:12Z</time>
      </trkpt>
      <trkpt lat="34.82879478392627" lon="113.65864379030819">
        <ele>196.5999076012522</ele>
        <time>2026-08-06T13:32:42Z</time>
      </trkpt>
      <trkpt lat="34.828748547457955" lon="113.65865787288926">
        <ele>205.70747824199498</ele>
        <time>2026-08-06T13:33:12Z</time>
      </trkpt>
      <trkpt lat="34.828773202509105" lon="113.65870828854375">
        <ele>212.79738468118012</ele>
        <time>2026-08-06T13:33:21Z</time>
      </trkpt>
      <trkpt lat="34.82882203807257" lon="113.6587073329891">
        <ele>215.3814052855596</ele>
        <time>2026-08-06T13:33:42Z</time>
      </trkpt>
      <trkpt lat="34.8288428073979" lon="113.65878140713005">
        <ele>218.1676323749125</ele>
        <time>2026-08-06T13:33:48Z</time>
      </trkpt>
      <trkpt lat="34.82881050343394" lon="113.65858672962987">
        <ele>190.45944704581052</ele>
        <time>2026-08-06T13:34:43Z</time>
      </trkpt>
      <trkpt lat="34.8289113339535" lon="113.65863251613312">
        <ele>194.12265529949218</ele>
        <time>2026-08-06T13:34:52Z</time>
      </trkpt>
      <trkpt lat="34.82880085932595" lon="113.65860886339547">
        <ele>195.2731211837381</ele>
        <time>2026-08-06T13:35:13Z</time>
      </trkpt>
      <trkpt lat="34.82878751088738" lon="113.6585524844963">
        <ele>186.39791590347886</ele>
        <time>2026-08-06T13:36:15Z</time>
      </trkpt>
      <trkpt lat="34.828722802986505" lon="113.65851095592912">
        <ele>187.01010058633983</ele>
        <time>2026-08-06T13:36:25Z</time>
      </trkpt>
      <trkpt lat="34.82880007624737" lon="113.65855795049285">
        <ele>188.88488610368222</ele>
        <time>2026-08-06T13:36:28Z</time>
      </trkpt>
      <trkpt lat="34.82875686560202" lon="113.65853294748152">
        <ele>188.3285960117355</ele>
        <time>2026-08-06T13:36:55Z</time>
      </trkpt>
      <trkpt lat="34.82870584281607" lon="113.65853592335519">
        <ele>192.9652824755758</ele>
        <time>2026-08-06T13:37:01Z</time>
      </trkpt>
      <trkpt lat="34.828594834013906" lon="113.65848825472389">
        <ele>195.94149042200297</ele>
        <time>2026-08-06T13:37:04Z</time>
      </trkpt>
      <trkpt lat="34.82878902210744" lon="113.65859199067496">
        <ele>185.266555653885</ele>
        <time>2026-08-06T13:37:13Z</time>
      </trkpt>
      <trkpt lat="34.82876002599096" lon="113.65854614856191">
        <ele>185.28336521796882</ele>
        <time>2026-08-06T13:37:19Z</time>
      </trkpt>
      <trkpt lat="34.82855932226018" lon="113.6585076038554">
        <ele>195.54035969637334</ele>
        <time>2026-08-06T13:37:31Z</time>
      </trkpt>
      <trkpt lat="34.828672446867124" lon="113.65855180001527">
        <ele>188.4293203568086</ele>
        <time>2026-08-06T13:37:52Z</time>
      </trkpt>
      <trkpt lat="34.8288772674352" lon="113.65858179179455">
        <ele>176.9953733338043</ele>
        <time>2026-08-06T13:38:14Z</time>
      </trkpt>
      <trkpt lat="34.82875485893593" lon="113.65852235503296">
        <ele>181.39330929890275</ele>
        <time>2026-08-06T13:38:28Z</time>
      </trkpt>
      <trkpt lat="34.828652791070105" lon="113.65850027809486">
        <ele>185.12775954324752</ele>
        <time>2026-08-06T13:38:31Z</time>
      </trkpt>
      <trkpt lat="34.8287859745009" lon="113.65858373070954">
        <ele>179.6677188249305</ele>
        <time>2026-08-06T13:38:43Z</time>
      </trkpt>
      <trkpt lat="34.82865200888492" lon="113.65853690462134">
        <ele>188.30148301180452</ele>
        <time>2026-08-06T13:38:55Z</time>
      </trkpt>
      <trkpt lat="34.828825601842375" lon="113.65859896617614">
        <ele>181.9960324447602</ele>
        <time>2026-08-06T13:39:22Z</time>
      </trkpt>
      <trkpt lat="34.82871473690478" lon="113.65857003480525">
        <ele>185.1329358117655</ele>
        <time>2026-08-06T13:39:25Z</time>
      </trkpt>
      <trkpt lat="34.828755675542325" lon="113.65860962298012">
        <ele>193.9127197265625</ele>
        <time>2026-08-06T13:40:07Z</time>
      </trkpt>
      <trkpt lat="34.82870169076561" lon="113.65859997700426">
        <ele>181.48199330735952</ele>
        <time>2026-08-06T13:40:35Z</time>
      </trkpt>
      <trkpt lat="34.8286491451108" lon="113.6586152673242">
        <ele>184.78148309327662</ele>
        <time>2026-08-06T13:40:50Z</time>
      </trkpt>
      <trkpt lat="34.82844614235038" lon="113.65857257036406">
        <ele>194.86962741147727</ele>
        <time>2026-08-06T13:40:56Z</time>
      </trkpt>
      <trkpt lat="34.82882811728817" lon="113.65865990959307">
        <ele>175.08925003372133</ele>
        <time>2026-08-06T13:41:14Z</time>
      </trkpt>
      <trkpt lat="34.82830409975243" lon="113.65854502095823">
        <ele>196.74252676591277</ele>
        <time>2026-08-06T13:41:32Z</time>
      </trkpt>
      <trkpt lat="34.828804495002835" lon="113.65864883555793">
        <ele>171.93163402285427</ele>
        <time>2026-08-06T13:41:44Z</time>
      </trkpt>
      <trkpt lat="34.828655913627166" lon="113.65860454037015">
        <ele>183.2116782683879</ele>
        <time>2026-08-06T13:41:56Z</time>
      </trkpt>
      <trkpt lat="34.82844087055981" lon="113.65856642502168">
        <ele>191.20863557048142</ele>
        <time>2026-08-06T13:42:17Z</time>
      </trkpt>
      <trkpt lat="34.828755675542325" lon="113.65860962298012">
        <ele>193.9127197265625</ele>
        <time>2026-08-06T13:42:47Z</time>
      </trkpt>
      <trkpt lat="34.82868969865176" lon="113.65867954193274">
        <ele>168.40679251402617</ele>
        <time>2026-08-06T13:44:49Z</time>
      </trkpt>
      <trkpt lat="34.828725509973246" lon="113.6586843807735">
        <ele>165.45732586085796</ele>
        <time>2026-08-06T13:45:25Z</time>
      </trkpt>
      <trkpt lat="34.82845904620847" lon="113.65862776703352">
        <ele>180.38452432770282</ele>
        <time>2026-08-06T13:45:34Z</time>
      </trkpt>
      <trkpt lat="34.8287198870603" lon="113.65868028230464">
        <ele>164.07063477672637</ele>
        <time>2026-08-06T13:45:46Z</time>
      </trkpt>
      <trkpt lat="34.82879449424513" lon="113.65867906863564">
        <ele>158.81980842910707</ele>
        <time>2026-08-06T13:45:58Z</time>
      </trkpt>
      <trkpt lat="34.82875004871043" lon="113.65868844523845">
        <ele>161.7549111424014</ele>
        <time>2026-08-06T13:46:10Z</time>
      </trkpt>
      <trkpt lat="34.82869345161888" lon="113.65866968632812">
        <ele>165.49314300809056</ele>
        <time>2026-08-06T13:46:13Z</time>
      </trkpt>
      <trkpt lat="34.828763073994736" lon="113.65868376318416">
        <ele>160.9895964404568</ele>
        <time>2026-08-06T13:46:16Z</time>
      </trkpt>
      <trkpt lat="34.82852159692342" lon="113.65864454436063">
        <ele>172.31303724460304</ele>
        <time>2026-08-06T13:46:39Z</time>
      </trkpt>
      <trkpt lat="34.82880303747948" lon="113.65869526971512">
        <ele>154.9883065680042</ele>
        <time>2026-08-06T13:46:47Z</time>
      </trkpt>
      <trkpt lat="34.828855659253655" lon="113.65870455001962">
        <ele>151.0748197650537</ele>
        <time>2026-08-06T13:46:56Z</time>
      </trkpt>
      <trkpt lat="34.82870460823579" lon="113.65871978084311">
        <ele>160.4568866789341</ele>
        <time>2026-08-06T13:48:11Z</time>
      </trkpt>
      <trkpt lat="34.828779081690946" lon="113.65872706940719">
        <ele>156.42742690257728</ele>
        <time>2026-08-06T13:48:17Z</time>
      </trkpt>
      <trkpt lat="34.828831269376224" lon="113.65872577667736">
        <ele>152.51246557570994</ele>
        <time>2026-08-06T13:49:00Z</time>
      </trkpt>
      <trkpt lat="34.828896193535726" lon="113.6587633535267">
        <ele>150.85504961106926</ele>
        <time>2026-08-06T13:49:03Z</time>
      </trkpt>
      <trkpt lat="34.82861647765345" lon="113.65870010567127">
        <ele>169.22207878436893</ele>
        <time>2026-08-06T13:49:30Z</time>
      </trkpt>
      <trkpt lat="34.82875898826756" lon="113.65872215618539">
        <ele>159.91410963609815</ele>
        <time>2026-08-06T13:49:48Z</time>
      </trkpt>
      <trkpt lat="34.82869061907376" lon="113.6587289809409">
        <ele>167.56863128673285</ele>
        <time>2026-08-06T13:49:57Z</time>
      </trkpt>
      <trkpt lat="34.82845235398481" lon="113.65865276862503">
        <ele>179.74217388033867</ele>
        <time>2026-08-06T13:50:09Z</time>
      </trkpt>
      <trkpt lat="34.82875555628762" lon="113.65871971635677">
        <ele>163.02032447140664</ele>
        <time>2026-08-06T13:50:21Z</time>
      </trkpt>
      <trkpt lat="34.828529682578825" lon="113.65867856000354">
        <ele>179.83647090569139</ele>
        <time>2026-08-06T13:51:01Z</time>
      </trkpt>
      <trkpt lat="34.828608696046416" lon="113.65867300914893">
        <ele>172.1715243915096</ele>
        <time>2026-08-06T13:51:07Z</time>
      </trkpt>
      <trkpt lat="34.828657564057494" lon="113.65869097720233">
        <ele>169.60300550237298</ele>
        <time>2026-08-06T13:51:10Z</time>
      </trkpt>
      <trkpt lat="34.828601776525645" lon="113.65868579131374">
        <ele>173.89340726099908</ele>
        <time>2026-08-06T13:51:13Z</time>
      </trkpt>
      <trkpt lat="34.82884762126856" lon="113.65877803962638">
        <ele>161.11216091830283</ele>
        <time>2026-08-06T13:51:28Z</time>
      </trkpt>
      <trkpt lat="34.82849032362664" lon="113.65870069021797">
        <ele>182.9341876488179</ele>
        <time>2026-08-06T13:51:46Z</time>
      </trkpt>
      <trkpt lat="34.82879290278566" lon="113.65876290138071">
        <ele>162.59951086342335</ele>
        <time>2026-08-06T13:51:49Z</time>
      </trkpt>
      <trkpt lat="34.82885314546757" lon="113.65876450845786">
        <ele>159.79087273124605</ele>
        <time>2026-08-06T13:51:58Z</time>
      </trkpt>
      <trkpt lat="34.82874143468798" lon="113.65873746109412">
        <ele>165.36184691358358</ele>
        <time>2026-08-06T13:52:22Z</time>
      </trkpt>
      <trkpt lat="34.82880488439137" lon="113.65873929580374">
        <ele>162.13207577168941</ele>
        <time>2026-08-06T13:52:31Z</time>
      </trkpt>
      <trkpt lat="34.82884308066935" lon="113.6587727764364">
        <ele>161.84107121266425</ele>
        <time>2026-08-06T13:52:43Z</time>
      </trkpt>
      <trkpt lat="34.82873432620575" lon="113.658750284192">
        <ele>169.13297287840396</ele>
        <time>2026-08-06T13:53:14Z</time>
      </trkpt>
      <trkpt lat="34.82878673466148" lon="113.65876803329321">
        <ele>162.69814635906368</ele>
        <time>2026-08-06T13:53:29Z</time>
      </trkpt>
      <trkpt lat="34.82886748634609" lon="113.65878157081255">
        <ele>158.0691540967673</ele>
        <time>2026-08-06T13:54:14Z</time>
      </trkpt>
      <trkpt lat="34.82880820592484" lon="113.65876747127992">
        <ele>161.71134773269296</ele>
        <time>2026-08-06T13:54:17Z</time>
      </trkpt>
      <trkpt lat="34.828755467735995" lon="113.65874934456663">
        <ele>164.64650032669306</ele>
        <time>2026-08-06T13:54:38Z</time>
      </trkpt>
      <trkpt lat="34.828838760113676" lon="113.65875806531976">
        <ele>158.7393319848925</ele>
        <time>2026-08-06T13:55:08Z</time>
      </trkpt>
      <trkpt lat="34.82879118702257" lon="113.65876191279771">
        <ele>159.19001585338265</ele>
        <time>2026-08-06T13:55:24Z</time>
      </trkpt>
      <trkpt lat="34.828841150860384" lon="113.65876975454472">
        <ele>157.51277338527143</ele>
        <time>2026-08-06T13:56:12Z</time>
      </trkpt>
      <trkpt lat="34.82867956348284" lon="113.65875636483536">
        <ele>169.09385099168867</ele>
        <time>2026-08-06T13:56:36Z</time>
      </trkpt>
      <trkpt lat="34.828772582389284" lon="113.65877093111446">
        <ele>164.90692604798824</ele>
        <time>2026-08-06T13:56:51Z</time>
      </trkpt>
      <trkpt lat="34.82891265214997" lon="113.65879921784926">
        <ele>155.05970000196248</ele>
        <time>2026-08-06T13:56:57Z</time>
      </trkpt>
      <trkpt lat="34.82875699830104" lon="113.6587528659348">
        <ele>158.76861903443933</ele>
        <time>2026-08-06T13:57:35Z</time>
      </trkpt>
      <trkpt lat="34.82891235981744" lon="113.65879254997562">
        <ele>152.41787778958678</ele>
        <time>2026-08-06T13:57:44Z</time>
      </trkpt>
      <trkpt lat="34.828940336396094" lon="113.65884173090325">
        <ele>148.98604026809335</ele>
        <time>2026-08-06T13:58:47Z</time>
      </trkpt>
      <trkpt lat="34.82889728918562" lon="113.65879852988141">
        <ele>147.88724055234343</ele>
        <time>2026-08-06T13:59:25Z</time>
      </trkpt>
      <trkpt lat="34.8289346700219" lon="113.65884522072442">
        <ele>153.88160974904895</ele>
        <time>2026-08-06T14:03:17Z</time>
      </trkpt>
      <trkpt lat="34.82889190538899" lon="113.65879874568806">
        <ele>158.18756492156535</ele>
        <time>2026-08-06T14:03:28Z</time>
      </trkpt>
      <trkpt lat="34.828950086391615" lon="113.6588744041924">
        <ele>142.19949824456125</ele>
        <time>2026-08-06T14:03:36Z</time>
      </trkpt>
      <trkpt lat="34.82891435712358" lon="113.65883936876497">
        <ele>149.97662555612624</ele>
        <time>2026-08-06T14:03:42Z</time>
      </trkpt>
      <trkpt lat="34.828957050200074" lon="113.6588982242034">
        <ele>140.06027518212795</ele>
        <time>2026-08-06T14:03:51Z</time>
      </trkpt>
      <trkpt lat="34.828910270552356" lon="113.65881892870296">
        <ele>149.0822482528165</ele>
        <time>2026-08-06T14:04:03Z</time>
      </trkpt>
      <trkpt lat="34.82895071092535" lon="113.65890035156696">
        <ele>134.43558541219682</ele>
        <time>2026-08-06T14:04:27Z</time>
      </trkpt>
      <trkpt lat="34.82891095063183" lon="113.65885663810549">
        <ele>144.53809744585305</ele>
        <time>2026-08-06T14:04:30Z</time>
      </trkpt>
      <trkpt lat="34.82889777838957" lon="113.65879775323994">
        <ele>153.95076970756054</ele>
        <time>2026-08-06T14:05:03Z</time>
      </trkpt>
      <trkpt lat="34.82895526400529" lon="113.65890114160699">
        <ele>137.67762873973697</ele>
        <time>2026-08-06T14:05:15Z</time>
      </trkpt>
      <trkpt lat="34.82888861102467" lon="113.65881553471552">
        <ele>145.98672283720225</ele>
        <time>2026-08-06T14:05:24Z</time>
      </trkpt>
      <trkpt lat="34.828904086748786" lon="113.65876187477524">
        <ele>150.8437120374292</ele>
        <time>2026-08-06T14:05:38Z</time>
      </trkpt>
      <trkpt lat="34.82884181074526" lon="113.65877034837963">
        <ele>151.94018438272178</ele>
        <time>2026-08-06T14:05:56Z</time>
      </trkpt>
      <trkpt lat="34.828889814584606" lon="113.65882049974476">
        <ele>142.1186700053513</ele>
        <time>2026-08-06T14:05:59Z</time>
      </trkpt>
      <trkpt lat="34.82887125843143" lon="113.65875864707287">
        <ele>152.90668180771172</ele>
        <time>2026-08-06T14:06:26Z</time>
      </trkpt>
      <trkpt lat="34.82890761372625" lon="113.65880783734238">
        <ele>149.58852929621935</ele>
        <time>2026-08-06T14:06:35Z</time>
      </trkpt>
      <trkpt lat="34.82880193993788" lon="113.65880219266636">
        <ele>154.12076614331454</ele>
        <time>2026-08-06T14:06:47Z</time>
      </trkpt>
      <trkpt lat="34.82871569807039" lon="113.65876044615058">
        <ele>159.57462108321488</ele>
        <time>2026-08-06T14:06:53Z</time>
      </trkpt>
      <trkpt lat="34.82890553419374" lon="113.65879858593838">
        <ele>150.84321079403162</ele>
        <time>2026-08-06T14:06:59Z</time>
      </trkpt>
      <trkpt lat="34.8288441055392" lon="113.65882064350221">
        <ele>157.1716628903523</ele>
        <time>2026-08-06T14:07:23Z</time>
      </trkpt>
      <trkpt lat="34.828781059347094" lon="113.65878595387781">
        <ele>161.8775826152414</ele>
        <time>2026-08-06T14:07:26Z</time>
      </trkpt>
      <trkpt lat="34.82870073803209" lon="113.658806374635">
        <ele>167.31038436014205</ele>
        <time>2026-08-06T14:07:32Z</time>
      </trkpt>
      <trkpt lat="34.82860091896525" lon="113.65880629570717">
        <ele>169.7840247610584</ele>
        <time>2026-08-06T14:07:36Z</time>
      </trkpt>
      <trkpt lat="34.828543124688885" lon="113.65875286431842">
        <ele>173.06013250909746</ele>
        <time>2026-08-06T14:07:39Z</time>
      </trkpt>
      <trkpt lat="34.82847859572326" lon="113.65877431418564">
        <ele>175.68735908530653</ele>
        <time>2026-08-06T14:07:42Z</time>
      </trkpt>
      <trkpt lat="34.82844538113556" lon="113.65865536515315">
        <ele>182.3541970513761</ele>
        <time>2026-08-06T14:07:46Z</time>
      </trkpt>
      <trkpt lat="34.828755346448304" lon="113.65877302536536">
        <ele>162.5126606039703</ele>
        <time>2026-08-06T14:08:01Z</time>
      </trkpt>
      <trkpt lat="34.82874041479907" lon="113.65882599865589">
        <ele>163.82952978555113</ele>
        <time>2026-08-06T14:08:04Z</time>
      </trkpt>
      <trkpt lat="34.8286332922634" lon="113.65880770764558">
        <ele>170.7737589487806</ele>
        <time>2026-08-06T14:08:13Z</time>
      </trkpt>
      <trkpt lat="34.828539994808594" lon="113.65870701104073">
        <ele>175.747681398876</ele>
        <time>2026-08-06T14:08:16Z</time>
      </trkpt>
      <trkpt lat="34.82872540451549" lon="113.65879364103996">
        <ele>160.06868678797036</ele>
        <time>2026-08-06T14:08:28Z</time>
      </trkpt>
      <trkpt lat="34.82861984631155" lon="113.65879780446113">
        <ele>172.747059318237</ele>
        <time>2026-08-06T14:08:49Z</time>
      </trkpt>
      <trkpt lat="34.828396463794164" lon="113.65872075483783">
        <ele>185.4598088869825</ele>
        <time>2026-08-06T14:08:55Z</time>
      </trkpt>
      <trkpt lat="34.8286724591781" lon="113.65877067692638">
        <ele>163.1163866892457</ele>
        <time>2026-08-06T14:09:04Z</time>
      </trkpt>
      <trkpt lat="34.828517613162134" lon="113.65874239827886">
        <ele>178.67157093714923</ele>
        <time>2026-08-06T14:09:22Z</time>
      </trkpt>
      <trkpt lat="34.82868979187052" lon="113.65879899837532">
        <ele>166.9262456810102</ele>
        <time>2026-08-06T14:09:34Z</time>
      </trkpt>
      <trkpt lat="34.82839404314148" lon="113.65873002777948">
        <ele>186.913624397479</ele>
        <time>2026-08-06T14:09:55Z</time>
      </trkpt>
      <trkpt lat="34.82879241866483" lon="113.65885562269611">
        <ele>162.44880338944495</ele>
        <time>2026-08-06T14:10:07Z</time>
      </trkpt>
      <trkpt lat="34.82866757763868" lon="113.65880008144076">
        <ele>170.1751375067979</ele>
        <time>2026-08-06T14:10:19Z</time>
      </trkpt>
      <trkpt lat="34.828588191234275" lon="113.65879994917931">
        <ele>176.98905353341252</ele>
        <time>2026-08-06T14:10:25Z</time>
      </trkpt>
      <trkpt lat="34.82883639441471" lon="113.65883544844326">
        <ele>159.46969728078693</ele>
        <time>2026-08-06T14:10:40Z</time>
      </trkpt>
      <trkpt lat="34.8289788865531" lon="113.65888065133467">
        <ele>150.36800048034638</ele>
        <time>2026-08-06T14:10:46Z</time>
      </trkpt>
      <trkpt lat="34.829052601841305" lon="113.65896056468968">
        <ele>148.22981654386967</ele>
        <time>2026-08-06T14:10:49Z</time>
      </trkpt>
      <trkpt lat="34.8288404424479" lon="113.65887778720511">
        <ele>161.0651231808588</ele>
        <time>2026-08-06T14:11:01Z</time>
      </trkpt>
      <trkpt lat="34.82894518844612" lon="113.65885938327602">
        <ele>155.03384174592793</ele>
        <time>2026-08-06T14:11:04Z</time>
      </trkpt>
      <trkpt lat="34.829011254489025" lon="113.65886815297486">
        <ele>147.88913759589195</ele>
        <time>2026-08-06T14:11:07Z</time>
      </trkpt>
      <trkpt lat="34.829094270186566" lon="113.65891938728966">
        <ele>142.74027669802308</ele>
        <time>2026-08-06T14:11:10Z</time>
      </trkpt>
      <trkpt lat="34.829142011747265" lon="113.65903332740469">
        <ele>138.92688430007547</ele>
        <time>2026-08-06T14:11:16Z</time>
      </trkpt>
      <trkpt lat="34.82889091656927" lon="113.65880719952621">
        <ele>157.47046696208417</ele>
        <time>2026-08-06T14:11:31Z</time>
      </trkpt>
      <trkpt lat="34.8289184312197" lon="113.65887368630632">
        <ele>158.3899728199467</ele>
        <time>2026-08-06T14:11:34Z</time>
      </trkpt>
      <trkpt lat="34.829043658187175" lon="113.65892921804013">
        <ele>150.64145498163998</ele>
        <time>2026-08-06T14:11:40Z</time>
      </trkpt>
      <trkpt lat="34.82889082168226" lon="113.65879073572715">
        <ele>151.41139062028378</ele>
        <time>2026-08-06T14:11:59Z</time>
      </trkpt>
      <trkpt lat="34.828878553893574" lon="113.65884868736714">
        <ele>156.7340141646564</ele>
        <time>2026-08-06T14:12:05Z</time>
      </trkpt>
      <trkpt lat="34.828837880861926" lon="113.65890760143664">
        <ele>162.07380769774318</ele>
        <time>2026-08-06T14:12:11Z</time>
      </trkpt>
      <trkpt lat="34.82886929281618" lon="113.65883500790086">
        <ele>157.83873922936618</ele>
        <time>2026-08-06T14:12:14Z</time>
      </trkpt>
      <trkpt lat="34.82886956513998" lon="113.65889319902762">
        <ele>160.9029849767685</ele>
        <time>2026-08-06T14:12:17Z</time>
      </trkpt>
      <trkpt lat="34.82883208640479" lon="113.65885549361985">
        <ele>162.1458868831396</ele>
        <time>2026-08-06T14:12:20Z</time>
      </trkpt>
      <trkpt lat="34.82875812370976" lon="113.65882245496505">
        <ele>165.82847739383578</ele>
        <time>2026-08-06T14:12:23Z</time>
      </trkpt>
      <trkpt lat="34.828741599056606" lon="113.65887597489296">
        <ele>170.6829304676503</ele>
        <time>2026-08-06T14:12:26Z</time>
      </trkpt>
      <trkpt lat="34.8286781032654" lon="113.65888984804666">
        <ele>175.41689432878047</ele>
        <time>2026-08-06T14:12:32Z</time>
      </trkpt>
      <trkpt lat="34.82862362099168" lon="113.65883237386366">
        <ele>176.72202651482075</ele>
        <time>2026-08-06T14:12:35Z</time>
      </trkpt>
      <trkpt lat="34.82863521364553" lon="113.65877443120796">
        <ele>174.71820901986212</ele>
        <time>2026-08-06T14:12:41Z</time>
      </trkpt>
      <trkpt lat="34.82862282594769" lon="113.6586939738203">
        <ele>168.95756737422198</ele>
        <time>2026-08-06T14:12:44Z</time>
      </trkpt>
      <trkpt lat="34.82868622143201" lon="113.65881470051895">
        <ele>170.14729986339808</ele>
        <time>2026-08-06T14:12:47Z</time>
      </trkpt>
      <trkpt lat="34.82864024744991" lon="113.65884820181004">
        <ele>176.8449529092759</ele>
        <time>2026-08-06T14:12:56Z</time>
      </trkpt>
      <trkpt lat="34.82869088931861" lon="113.65882606804736">
        <ele>172.23816294688731</ele>
        <time>2026-08-06T14:12:59Z</time>
      </trkpt>
      <trkpt lat="34.828639566488164" lon="113.65882935308797">
        <ele>178.4513973686844</ele>
        <time>2026-08-06T14:13:08Z</time>
      </trkpt>
      <trkpt lat="34.828599465670386" lon="113.65878405728775">
        <ele>179.07895757257938</ele>
        <time>2026-08-06T14:13:11Z</time>
      </trkpt>
      <trkpt lat="34.828548232855596" lon="113.65868495388312">
        <ele>177.78985450603068</ele>
        <time>2026-08-06T14:13:14Z</time>
      </trkpt>
      <trkpt lat="34.82860588001783" lon="113.65877094320668">
        <ele>179.87514307163656</ele>
        <time>2026-08-06T14:13:17Z</time>
      </trkpt>
      <trkpt lat="34.82850889542554" lon="113.65866447162603">
        <ele>171.04737190157175</ele>
        <time>2026-08-06T14:13:26Z</time>
      </trkpt>
      <trkpt lat="34.82864044242814" lon="113.65869953147542">
        <ele>161.02304943837225</ele>
        <time>2026-08-06T14:13:32Z</time>
      </trkpt>
      <trkpt lat="34.82859736488908" lon="113.65872768813352">
        <ele>162.1073632640764</ele>
        <time>2026-08-06T14:13:38Z</time>
      </trkpt>
      <trkpt lat="34.828570964991734" lon="113.6586270601183">
        <ele>164.4131290083751</ele>
        <time>2026-08-06T14:13:50Z</time>
      </trkpt>
      <trkpt lat="34.828707190406604" lon="113.6587463457186">
        <ele>159.69146503601223</ele>
        <time>2026-08-06T14:14:00Z</time>
      </trkpt>
      <trkpt lat="34.82871891288176" lon="113.65868055528799">
        <ele>156.88570260815322</ele>
        <time>2026-08-06T14:14:06Z</time>
      </trkpt>
      <trkpt lat="34.82875747721068" lon="113.6587272743353">
        <ele>154.46948291547596</ele>
        <time>2026-08-06T14:14:18Z</time>
      </trkpt>
      <trkpt lat="34.82882535778392" lon="113.658725649357">
        <ele>150.51169346645474</ele>
        <time>2026-08-06T14:14:30Z</time>
      </trkpt>
      <trkpt lat="34.82876066664379" lon="113.6587447770085">
        <ele>161.26391575485468</ele>
        <time>2026-08-06T14:14:39Z</time>
      </trkpt>
      <trkpt lat="34.828637896889425" lon="113.65868769207415">
        <ele>164.75530887022614</ele>
        <time>2026-08-06T14:14:51Z</time>
      </trkpt>
      <trkpt lat="34.82877146249579" lon="113.65875104771179">
        <ele>158.95073883980513</ele>
        <time>2026-08-06T14:15:00Z</time>
      </trkpt>
      <trkpt lat="34.82880457925134" lon="113.65871267980302">
        <ele>153.59541643690318</ele>
        <time>2026-08-06T14:15:12Z</time>
      </trkpt>
      <trkpt lat="34.82885172052543" lon="113.65872603062229">
        <ele>150.21038645971566</ele>
        <time>2026-08-06T14:15:18Z</time>
      </trkpt>
      <trkpt lat="34.82893017124568" lon="113.65880982167543">
        <ele>147.71614888776094</ele>
        <time>2026-08-06T14:15:27Z</time>
      </trkpt>
      <trkpt lat="34.82882518752238" lon="113.65873731447026">
        <ele>149.79107360448688</ele>
        <time>2026-08-06T14:15:30Z</time>
      </trkpt>
      <trkpt lat="34.82886932358107" lon="113.6588032895191">
        <ele>146.26290210802108</ele>
        <time>2026-08-06T14:15:42Z</time>
      </trkpt>
      <trkpt lat="34.829020856878465" lon="113.65890731713196">
        <ele>142.97598865348846</ele>
        <time>2026-08-06T14:15:48Z</time>
      </trkpt>
      <trkpt lat="34.828995941871234" lon="113.65885284944697">
        <ele>141.7511745300144</ele>
        <time>2026-08-06T14:15:54Z</time>
      </trkpt>
      <trkpt lat="34.828949800428546" lon="113.65882111874842">
        <ele>142.51744087785482</ele>
        <time>2026-08-06T14:15:57Z</time>
      </trkpt>
      <trkpt lat="34.82886797018292" lon="113.65879916713837">
        <ele>149.87582697626203</ele>
        <time>2026-08-06T14:16:01Z</time>
      </trkpt>
      <trkpt lat="34.82890833532924" lon="113.65885806637122">
        <ele>152.0392937688157</ele>
        <time>2026-08-06T14:16:05Z</time>
      </trkpt>
      <trkpt lat="34.82903912780448" lon="113.65891233881538">
        <ele>147.32138839829713</ele>
        <time>2026-08-06T14:16:13Z</time>
      </trkpt>
      <trkpt lat="34.82917865836782" lon="113.65900600554501">
        <ele>141.08570219296962</ele>
        <time>2026-08-06T14:16:19Z</time>
      </trkpt>
      <trkpt lat="34.82880882354069" lon="113.65880545209758">
        <ele>157.71534989401698</ele>
        <time>2026-08-06T14:16:31Z</time>
      </trkpt>
      <trkpt lat="34.8287567956005" lon="113.65877677801284">
        <ele>159.53921183105558</ele>
        <time>2026-08-06T14:16:34Z</time>
      </trkpt>
      <trkpt lat="34.82868805260982" lon="113.6586644610558">
        <ele>156.11210720520467</ele>
        <time>2026-08-06T14:16:37Z</time>
      </trkpt>
      <trkpt lat="34.82878785224711" lon="113.65876693207332">
        <ele>156.79245552420616</ele>
        <time>2026-08-06T14:16:40Z</time>
      </trkpt>
      <trkpt lat="34.828910003074476" lon="113.65880461912195">
        <ele>156.39641114603728</ele>
        <time>2026-08-06T14:17:01Z</time>
      </trkpt>
      <trkpt lat="34.82882862581078" lon="113.65876211737016">
        <ele>158.25129030179232</ele>
        <time>2026-08-06T14:17:07Z</time>
      </trkpt>
      <trkpt lat="34.82874250171792" lon="113.65877778011554">
        <ele>159.30624532606453</ele>
        <time>2026-08-06T14:17:10Z</time>
      </trkpt>
      <trkpt lat="34.82904602428157" lon="113.65904166101713">
        <ele>156.0902866665274</ele>
        <time>2026-08-06T14:17:19Z</time>
      </trkpt>
      <trkpt lat="34.829125278581955" lon="113.65902110492623">
        <ele>150.71438508667052</ele>
        <time>2026-08-06T14:17:22Z</time>
      </trkpt>
      <trkpt lat="34.828845796128086" lon="113.65883958069202">
        <ele>165.25445169210434</ele>
        <time>2026-08-06T14:17:31Z</time>
      </trkpt>
      <trkpt lat="34.82879161466815" lon="113.65876262441074">
        <ele>161.2191455597058</ele>
        <time>2026-08-06T14:17:34Z</time>
      </trkpt>
      <trkpt lat="34.82892565135363" lon="113.65898673211815">
        <ele>160.67050866037607</ele>
        <time>2026-08-06T14:17:40Z</time>
      </trkpt>
      <trkpt lat="34.82924875833843" lon="113.65903088035238">
        <ele>139.98513850476593</ele>
        <time>2026-08-06T14:17:49Z</time>
      </trkpt>
      <trkpt lat="34.8293453045967" lon="113.6591154737313">
        <ele>131.68792474456131</ele>
        <time>2026-08-06T14:17:55Z</time>
      </trkpt>
      <trkpt lat="34.82928865486638" lon="113.65911010257598">
        <ele>134.9752901364118</ele>
        <time>2026-08-06T14:18:38Z</time>
      </trkpt>
      <trkpt lat="34.82935328509678" lon="113.65914400960743">
        <ele>131.2235755464062</ele>
        <time>2026-08-06T14:18:47Z</time>
      </trkpt>
      <trkpt lat="34.829301245954746" lon="113.65915636491377">
        <ele>135.00698768533766</ele>
        <time>2026-08-06T14:18:50Z</time>
      </trkpt>
      <trkpt lat="34.829244438492424" lon="113.65913590907132">
        <ele>138.60941691044718</ele>
        <time>2026-08-06T14:18:53Z</time>
      </trkpt>
      <trkpt lat="34.82902791475204" lon="113.65897760789355">
        <ele>153.72172317281365</ele>
        <time>2026-08-06T14:18:56Z</time>
      </trkpt>
      <trkpt lat="34.82884253073069" lon="113.65888400136791">
        <ele>163.39683122560382</ele>
        <time>2026-08-06T14:19:02Z</time>
      </trkpt>
      <trkpt lat="34.828788312091845" lon="113.6587877177108">
        <ele>161.09129654057324</ele>
        <time>2026-08-06T14:19:05Z</time>
      </trkpt>
      <trkpt lat="34.82899979210601" lon="113.65892831669704">
        <ele>155.23465172667056</ele>
        <time>2026-08-06T14:19:11Z</time>
      </trkpt>
      <trkpt lat="34.829055628812405" lon="113.65898285548136">
        <ele>152.57836903538555</ele>
        <time>2026-08-06T14:19:20Z</time>
      </trkpt>
      <trkpt lat="34.82919991121214" lon="113.65900093372912">
        <ele>141.85255888476968</ele>
        <time>2026-08-06T14:19:26Z</time>
      </trkpt>
      <trkpt lat="34.828820208772115" lon="113.65877310744618">
        <ele>153.0137540474534</ele>
        <time>2026-08-06T14:19:41Z</time>
      </trkpt>
      <trkpt lat="34.82927651525288" lon="113.65907229331782">
        <ele>136.47680979035795</ele>
        <time>2026-08-06T14:19:53Z</time>
      </trkpt>
      <trkpt lat="34.82939491181394" lon="113.65913429012087">
        <ele>128.65647330041975</ele>
        <time>2026-08-06T14:19:59Z</time>
      </trkpt>
      <trkpt lat="34.82928882762074" lon="113.65905984141396">
        <ele>135.02115597110242</ele>
        <time>2026-08-06T14:20:02Z</time>
      </trkpt>
      <trkpt lat="34.82935369984771" lon="113.65906451538851">
        <ele>130.48598045110703</ele>
        <time>2026-08-06T14:20:18Z</time>
      </trkpt>
      <trkpt lat="34.82939529088226" lon="113.65910910780336">
        <ele>126.62142260093242</ele>
        <time>2026-08-06T14:20:27Z</time>
      </trkpt>
      <trkpt lat="34.8293724453272" lon="113.65916218211012">
        <ele>132.91343138273805</ele>
        <time>2026-08-06T14:21:15Z</time>
      </trkpt>
      <trkpt lat="34.82942593570156" lon="113.65914928451427">
        <ele>127.78589284606278</ele>
        <time>2026-08-06T14:21:24Z</time>
      </trkpt>
      <trkpt lat="34.82875646433712" lon="113.65886716189048">
        <ele>174.84591972548515</ele>
        <time>2026-08-06T14:22:06Z</time>
      </trkpt>
      <trkpt lat="34.828646689758365" lon="113.65882759715127">
        <ele>183.58740564994514</ele>
        <time>2026-08-06T14:22:12Z</time>
      </trkpt>
      <trkpt lat="34.8287518662989" lon="113.65881020501266">
        <ele>175.25647353567183</ele>
        <time>2026-08-06T14:22:19Z</time>
      </trkpt>
      <trkpt lat="34.82877774368566" lon="113.65888104988501">
        <ele>174.6450892407447</ele>
        <time>2026-08-06T14:22:23Z</time>
      </trkpt>
      <trkpt lat="34.8290049189138" lon="113.65892920187146">
        <ele>157.66441277135164</ele>
        <time>2026-08-06T14:22:31Z</time>
      </trkpt>
      <trkpt lat="34.82887473464448" lon="113.65879903333472">
        <ele>165.6203275024891</ele>
        <time>2026-08-06T14:22:34Z</time>
      </trkpt>
      <trkpt lat="34.828762495080284" lon="113.65879679786926">
        <ele>166.00686052255332</ele>
        <time>2026-08-06T14:22:40Z</time>
      </trkpt>
      <trkpt lat="34.82893154068339" lon="113.65894238910899">
        <ele>163.043627852574</ele>
        <time>2026-08-06T14:22:46Z</time>
      </trkpt>
      <trkpt lat="34.829007158452946" lon="113.65896302925444">
        <ele>159.17640876118094</ele>
        <time>2026-08-06T14:22:49Z</time>
      </trkpt>
      <trkpt lat="34.82894550152414" lon="113.65898647586356">
        <ele>161.93226408585906</ele>
        <time>2026-08-06T14:22:55Z</time>
      </trkpt>
      <trkpt lat="34.82911083788266" lon="113.65903333482407">
        <ele>150.0511957379058</ele>
        <time>2026-08-06T14:23:01Z</time>
      </trkpt>
      <trkpt lat="34.82883990985641" lon="113.65888290450036">
        <ele>165.22720281220973</ele>
        <time>2026-08-06T14:23:10Z</time>
      </trkpt>
      <trkpt lat="34.82854899344417" lon="113.65881847097896">
        <ele>187.52861591801047</ele>
        <time>2026-08-06T14:23:28Z</time>
      </trkpt>
      <trkpt lat="34.828680246544096" lon="113.6588607352248">
        <ele>179.72629826609045</ele>
        <time>2026-08-06T14:23:34Z</time>
      </trkpt>
      <trkpt lat="34.828610620034254" lon="113.65877965171416">
        <ele>187.1122081791982</ele>
        <time>2026-08-06T14:23:55Z</time>
      </trkpt>
      <trkpt lat="34.8284550226686" lon="113.65873168002145">
        <ele>196.69944829307497</ele>
        <time>2026-08-06T14:24:01Z</time>
      </trkpt>
      <trkpt lat="34.8286877637298" lon="113.65883913665022">
        <ele>178.46488153748214</ele>
        <time>2026-08-06T14:24:07Z</time>
      </trkpt>
      <trkpt lat="34.82869312327085" lon="113.65878470184948">
        <ele>176.74474244657904</ele>
        <time>2026-08-06T14:24:23Z</time>
      </trkpt>
      <trkpt lat="34.828902906265746" lon="113.65877880687843">
        <ele>163.10161901358515</ele>
        <time>2026-08-06T14:24:42Z</time>
      </trkpt>
      <trkpt lat="34.828941726712245" lon="113.65881503399477">
        <ele>159.5173247018829</ele>
        <time>2026-08-06T14:24:45Z</time>
      </trkpt>
      <trkpt lat="34.82885597173241" lon="113.65876619954199">
        <ele>162.7649592673406</ele>
        <time>2026-08-06T14:24:54Z</time>
      </trkpt>
      <trkpt lat="34.828926600953444" lon="113.65882928606409">
        <ele>158.01366907451302</ele>
        <time>2026-08-06T14:24:57Z</time>
      </trkpt>
      <trkpt lat="34.82885517269915" lon="113.65881565424193">
        <ele>161.22082009539008</ele>
        <time>2026-08-06T14:25:03Z</time>
      </trkpt>
      <trkpt lat="34.828799493707834" lon="113.65874420265868">
        <ele>166.5704706683755</ele>
        <time>2026-08-06T14:25:06Z</time>
      </trkpt>
      <trkpt lat="34.82881458001158" lon="113.65883353522534">
        <ele>169.348709625192</ele>
        <time>2026-08-06T14:25:12Z</time>
      </trkpt>
      <trkpt lat="34.82858609467423" lon="113.65869691303317">
        <ele>183.42842071782798</ele>
        <time>2026-08-06T14:25:21Z</time>
      </trkpt>
      <trkpt lat="34.82845967509207" lon="113.65865478441216">
        <ele>192.57975325826555</ele>
        <time>2026-08-06T14:25:24Z</time>
      </trkpt>
      <trkpt lat="34.8287015226446" lon="113.65871545895438">
        <ele>176.74159622192383</ele>
        <time>2026-08-06T14:25:36Z</time>
      </trkpt>
      <trkpt lat="34.828421114072825" lon="113.65858975918627">
        <ele>195.2632138673216</ele>
        <time>2026-08-06T14:25:48Z</time>
      </trkpt>
      <trkpt lat="34.828949794918124" lon="113.658766584998">
        <ele>163.44840924534947</ele>
        <time>2026-08-06T14:27:40Z</time>
      </trkpt>
      <trkpt lat="34.82896908808613" lon="113.6588397940366">
        <ele>160.04454616177827</ele>
        <time>2026-08-06T14:27:43Z</time>
      </trkpt>
      <trkpt lat="34.82905625546583" lon="113.6588412970563">
        <ele>156.4182284930721</ele>
        <time>2026-08-06T14:27:46Z</time>
      </trkpt>
      <trkpt lat="34.828882387092214" lon="113.65879047333547">
        <ele>167.39038389269263</ele>
        <time>2026-08-06T14:27:52Z</time>
      </trkpt>
      <trkpt lat="34.82892408747735" lon="113.65881381159465">
        <ele>165.54905702732503</ele>
        <time>2026-08-06T14:28:07Z</time>
      </trkpt>
      <trkpt lat="34.82879636605786" lon="113.6588161984717">
        <ele>172.7601972911507</ele>
        <time>2026-08-06T14:28:19Z</time>
      </trkpt>
      <trkpt lat="34.8286887321427" lon="113.65876032586003">
        <ele>184.58644005656242</ele>
        <time>2026-08-06T14:28:25Z</time>
      </trkpt>
      <trkpt lat="34.828659840229186" lon="113.65870183345379">
        <ele>180.21844463050365</ele>
        <time>2026-08-06T14:28:41Z</time>
      </trkpt>
      <trkpt lat="34.82865463484057" lon="113.65876500837258">
        <ele>184.69090252835304</ele>
        <time>2026-08-06T14:28:47Z</time>
      </trkpt>
      <trkpt lat="34.82857245322974" lon="113.6587131938714">
        <ele>191.89525739848614</ele>
        <time>2026-08-06T14:28:53Z</time>
      </trkpt>
      <trkpt lat="34.82849261209765" lon="113.658692786668">
        <ele>197.17748871725053</ele>
        <time>2026-08-06T14:28:56Z</time>
      </trkpt>
      <trkpt lat="34.82872708094076" lon="113.658805969765">
        <ele>183.8369637671858</ele>
        <time>2026-08-06T14:29:08Z</time>
      </trkpt>
      <trkpt lat="34.82868545081364" lon="113.65882978086472">
        <ele>185.33882169052958</ele>
        <time>2026-08-06T14:29:14Z</time>
      </trkpt>
      <trkpt lat="34.82879489018151" lon="113.65880191318303">
        <ele>184.11252596974373</ele>
        <time>2026-08-06T14:29:20Z</time>
      </trkpt>
      <trkpt lat="34.82885605975319" lon="113.65884759550613">
        <ele>179.84227589145303</ele>
        <time>2026-08-06T14:29:26Z</time>
      </trkpt>
      <trkpt lat="34.82864763472672" lon="113.65883378569391">
        <ele>187.338952453807</ele>
        <time>2026-08-06T14:29:32Z</time>
      </trkpt>
      <trkpt lat="34.82877652471269" lon="113.65882584423356">
        <ele>186.22507067769766</ele>
        <time>2026-08-06T14:29:38Z</time>
      </trkpt>
      <trkpt lat="34.82885787449641" lon="113.65880226309456">
        <ele>183.27112707216293</ele>
        <time>2026-08-06T14:29:47Z</time>
      </trkpt>
      <trkpt lat="34.82883379286741" lon="113.65885541644498">
        <ele>181.63977840729058</ele>
        <time>2026-08-06T14:29:50Z</time>
      </trkpt>
      <trkpt lat="34.82887506937905" lon="113.65890542043773">
        <ele>181.476723857224</ele>
        <time>2026-08-06T14:29:53Z</time>
      </trkpt>
      <trkpt lat="34.828880695091094" lon="113.65884660612585">
        <ele>183.76969671063125</ele>
        <time>2026-08-06T14:30:02Z</time>
      </trkpt>
      <trkpt lat="34.82884736634426" lon="113.6587970439619">
        <ele>185.72569920495152</ele>
        <time>2026-08-06T14:30:14Z</time>
      </trkpt>
      <trkpt lat="34.8288058569355" lon="113.65885764005215">
        <ele>185.54731737729162</ele>
        <time>2026-08-06T14:30:17Z</time>
      </trkpt>
      <trkpt lat="34.82863504638447" lon="113.65876738924058">
        <ele>188.370131441392</ele>
        <time>2026-08-06T14:30:32Z</time>
      </trkpt>
      <trkpt lat="34.828671708226906" lon="113.65880639532345">
        <ele>188.88068518880755</ele>
        <time>2026-08-06T14:30:35Z</time>
      </trkpt>
      <trkpt lat="34.8287841069183" lon="113.65886773668126">
        <ele>185.53931033518165</ele>
        <time>2026-08-06T14:30:46Z</time>
      </trkpt>
      <trkpt lat="34.82873182277506" lon="113.6588597303947">
        <ele>187.8132393360138</ele>
        <time>2026-08-06T14:30:54Z</time>
      </trkpt>
      <trkpt lat="34.82877891898062" lon="113.65887378967497">
        <ele>187.54267281573266</ele>
        <time>2026-08-06T14:31:03Z</time>
      </trkpt>
      <trkpt lat="34.82888944118885" lon="113.65885629090748">
        <ele>181.51783696655184</ele>
        <time>2026-08-06T14:31:06Z</time>
      </trkpt>
      <trkpt lat="34.8290011546372" lon="113.65898866493652">
        <ele>175.07722782250494</ele>
        <time>2026-08-06T14:31:12Z</time>
      </trkpt>
      <trkpt lat="34.82875374606114" lon="113.65888450488906">
        <ele>182.5082569848746</ele>
        <time>2026-08-06T14:31:18Z</time>
      </trkpt>
      <trkpt lat="34.82881837668663" lon="113.65887112816382">
        <ele>182.52737766783684</ele>
        <time>2026-08-06T14:31:24Z</time>
      </trkpt>
      <trkpt lat="34.82893767531052" lon="113.658951195835">
        <ele>177.33882035594434</ele>
        <time>2026-08-06T14:31:30Z</time>
      </trkpt>
      <trkpt lat="34.82877581547278" lon="113.6587951659615">
        <ele>176.53532734140754</ele>
        <time>2026-08-06T14:31:48Z</time>
      </trkpt>
      <trkpt lat="34.82881264062222" lon="113.658853149619">
        <ele>178.64359000511467</ele>
        <time>2026-08-06T14:31:54Z</time>
      </trkpt>
      <trkpt lat="34.828885369787436" lon="113.65884139693199">
        <ele>178.04125943221152</ele>
        <time>2026-08-06T14:31:57Z</time>
      </trkpt>
      <trkpt lat="34.82889436847791" lon="113.65889541846222">
        <ele>177.83165827952325</ele>
        <time>2026-08-06T14:32:00Z</time>
      </trkpt>
      <trkpt lat="34.82901368030681" lon="113.65888403537625">
        <ele>173.4193423409015</ele>
        <time>2026-08-06T14:32:03Z</time>
      </trkpt>
      <trkpt lat="34.828809139149506" lon="113.6588815938797">
        <ele>184.29178674332798</ele>
        <time>2026-08-06T14:32:21Z</time>
      </trkpt>
      <trkpt lat="34.82876779361224" lon="113.65885574734732">
        <ele>186.52851306833327</ele>
        <time>2026-08-06T14:32:30Z</time>
      </trkpt>
      <trkpt lat="34.82871788932935" lon="113.65872672644912">
        <ele>185.6997907552868</ele>
        <time>2026-08-06T14:32:33Z</time>
      </trkpt>
      <trkpt lat="34.828768655700095" lon="113.65875326458189">
        <ele>186.06213567778468</ele>
        <time>2026-08-06T14:32:36Z</time>
      </trkpt>
      <trkpt lat="34.82885294944116" lon="113.65883324840406">
        <ele>185.92382419481874</ele>
        <time>2026-08-06T14:32:39Z</time>
      </trkpt>
      <trkpt lat="34.828953016124196" lon="113.65887621152929">
        <ele>178.56986760534346</ele>
        <time>2026-08-06T14:32:42Z</time>
      </trkpt>
      <trkpt lat="34.8289755715142" lon="113.65894985172598">
        <ele>175.52290205750614</ele>
        <time>2026-08-06T14:32:45Z</time>
      </trkpt>
      <trkpt lat="34.82882177072326" lon="113.65888525416257">
        <ele>185.07874283660203</ele>
        <time>2026-08-06T14:33:00Z</time>
      </trkpt>
      <trkpt lat="34.82888427738215" lon="113.65892992544484">
        <ele>184.69343959260732</ele>
        <time>2026-08-06T14:33:03Z</time>
      </trkpt>
      <trkpt lat="34.828824046703474" lon="113.65890167899137">
        <ele>184.38190455082804</ele>
        <time>2026-08-06T14:33:06Z</time>
      </trkpt>
      <trkpt lat="34.82890020970461" lon="113.65896321581218">
        <ele>182.69365556258708</ele>
        <time>2026-08-06T14:33:09Z</time>
      </trkpt>
      <trkpt lat="34.82873804731049" lon="113.65889741892268">
        <ele>182.93500100634992</ele>
        <time>2026-08-06T14:33:21Z</time>
      </trkpt>
      <trkpt lat="34.82886936089121" lon="113.65884497611124">
        <ele>180.21179704740644</ele>
        <time>2026-08-06T14:33:30Z</time>
      </trkpt>
      <trkpt lat="34.82889303539634" lon="113.65894386858692">
        <ele>178.97009372338653</ele>
        <time>2026-08-06T14:33:33Z</time>
      </trkpt>
      <trkpt lat="34.82900929079088" lon="113.6589704434495">
        <ele>174.2546117613092</ele>
        <time>2026-08-06T14:33:39Z</time>
      </trkpt>
      <trkpt lat="34.828623359615285" lon="113.65883306205522">
        <ele>196.35605468135327</ele>
        <time>2026-08-06T14:33:51Z</time>
      </trkpt>
      <trkpt lat="34.82872845041351" lon="113.65883139520413">
        <ele>186.71740760095417</ele>
        <time>2026-08-06T14:33:54Z</time>
      </trkpt>
      <trkpt lat="34.82865588482021" lon="113.65883652561702">
        <ele>186.84452661592513</ele>
        <time>2026-08-06T14:33:57Z</time>
      </trkpt>
      <trkpt lat="34.82847909475926" lon="113.65871762250293">
        <ele>192.92588834278286</ele>
        <time>2026-08-06T14:34:03Z</time>
      </trkpt>
      <trkpt lat="34.828514537473694" lon="113.65876099151357">
        <ele>198.45630680117756</ele>
        <time>2026-08-06T14:34:06Z</time>
      </trkpt>
      <trkpt lat="34.82861542859398" lon="113.65876199576846">
        <ele>200.3049255395308</ele>
        <time>2026-08-06T14:34:09Z</time>
      </trkpt>
      <trkpt lat="34.82873434977904" lon="113.65885621689412">
        <ele>196.52125050965697</ele>
        <time>2026-08-06T14:34:27Z</time>
      </trkpt>
      <trkpt lat="34.82863316797944" lon="113.65884333545726">
        <ele>197.34166363906115</ele>
        <time>2026-08-06T14:34:30Z</time>
      </trkpt>
      <trkpt lat="34.82855406353049" lon="113.65877789393149">
        <ele>198.67579864244908</ele>
        <time>2026-08-06T14:34:33Z</time>
      </trkpt>
      <trkpt lat="34.82862477723514" lon="113.65880836429109">
        <ele>199.4346062289551</ele>
        <time>2026-08-06T14:34:36Z</time>
      </trkpt>
      <trkpt lat="34.828744459109444" lon="113.6589022778701">
        <ele>198.27268109750003</ele>
        <time>2026-08-06T14:34:42Z</time>
      </trkpt>
      <trkpt lat="34.82850199348578" lon="113.65885942102092">
        <ele>209.81297844927758</ele>
        <time>2026-08-06T14:34:48Z</time>
      </trkpt>
      <trkpt lat="34.8283850652063" lon="113.65878230253485">
        <ele>216.4688707208261</ele>
        <time>2026-08-06T14:34:51Z</time>
      </trkpt>
      <trkpt lat="34.82867103637736" lon="113.65880513062456">
        <ele>183.99249297566712</ele>
        <time>2026-08-06T14:35:05Z</time>
      </trkpt>
      <trkpt lat="34.82866331682597" lon="113.65867628218304">
        <ele>185.75150122493505</ele>
        <time>2026-08-06T14:35:08Z</time>
      </trkpt>
      <trkpt lat="34.82867698507338" lon="113.65877525980183">
        <ele>188.93555752374232</ele>
        <time>2026-08-06T14:35:11Z</time>
      </trkpt>
      <trkpt lat="34.828766695432634" lon="113.65891055766566">
        <ele>190.4389842785895</ele>
        <time>2026-08-06T14:35:17Z</time>
      </trkpt>
      <trkpt lat="34.82866215411053" lon="113.65883810741637">
        <ele>192.39849637262523</ele>
        <time>2026-08-06T14:35:32Z</time>
      </trkpt>
      <trkpt lat="34.82864135934486" lon="113.6589071695759">
        <ele>196.2998270150274</ele>
        <time>2026-08-06T14:35:35Z</time>
      </trkpt>
      <trkpt lat="34.828628511281934" lon="113.65885003170516">
        <ele>199.81244974583387</ele>
        <time>2026-08-06T14:35:38Z</time>
      </trkpt>
      <trkpt lat="34.8285804900325" lon="113.65878365378926">
        <ele>203.5422728313133</ele>
        <time>2026-08-06T14:35:44Z</time>
      </trkpt>
      <trkpt lat="34.828802084194656" lon="113.65889992987994">
        <ele>190.05774741061032</ele>
        <time>2026-08-06T14:36:08Z</time>
      </trkpt>
      <trkpt lat="34.82883913470668" lon="113.65898265631759">
        <ele>197.34637818858027</ele>
        <time>2026-08-06T14:36:14Z</time>
      </trkpt>
      <trkpt lat="34.82872535021984" lon="113.65892200959078">
        <ele>205.10107113141567</ele>
        <time>2026-08-06T14:36:20Z</time>
      </trkpt>
      <trkpt lat="34.8286920995829" lon="113.65888311764539">
        <ele>202.27789453137666</ele>
        <time>2026-08-06T14:36:23Z</time>
      </trkpt>
      <trkpt lat="34.82868717149192" lon="113.6587452034517">
        <ele>165.56007817108184</ele>
        <time>2026-08-06T14:36:35Z</time>
      </trkpt>
      <trkpt lat="34.828651714205805" lon="113.65868494950546">
        <ele>151.18011182639748</ele>
        <time>2026-08-06T14:36:44Z</time>
      </trkpt>
      <trkpt lat="34.82885642099612" lon="113.65884152529941">
        <ele>141.05431013926864</ele>
        <time>2026-08-06T14:36:56Z</time>
      </trkpt>
      <trkpt lat="34.828906871852" lon="113.65884275768143">
        <ele>138.68139221239835</ele>
        <time>2026-08-06T14:37:00Z</time>
      </trkpt>
      <trkpt lat="34.82881158388253" lon="113.65875367249475">
        <ele>142.0706051317975</ele>
        <time>2026-08-06T14:37:08Z</time>
      </trkpt>
      <trkpt lat="34.828780897059445" lon="113.65870059748458">
        <ele>139.79770320747048</ele>
        <time>2026-08-06T14:37:11Z</time>
      </trkpt>
      <trkpt lat="34.828725855916986" lon="113.65876909993483">
        <ele>145.91831956617534</ele>
        <time>2026-08-06T14:37:26Z</time>
      </trkpt>
      <trkpt lat="34.82877309902646" lon="113.65874291909338">
        <ele>149.2232596669346</ele>
        <time>2026-08-06T14:37:38Z</time>
      </trkpt>
      <trkpt lat="34.829077817346096" lon="113.65894088034908">
        <ele>181.40296178590506</ele>
        <time>2026-08-06T14:37:47Z</time>
      </trkpt>
      <trkpt lat="34.828770204408336" lon="113.65874730463933">
        <ele>150.20930705405772</ele>
        <time>2026-08-06T14:38:11Z</time>
      </trkpt>
      <trkpt lat="34.82886621586378" lon="113.65885550167113">
        <ele>145.94827769324183</ele>
        <time>2026-08-06T14:38:20Z</time>
      </trkpt>
      <trkpt lat="34.82892437038659" lon="113.65887072656358">
        <ele>145.2343258447945</ele>
        <time>2026-08-06T14:38:23Z</time>
      </trkpt>
      <trkpt lat="34.82878332521593" lon="113.65878563875225">
        <ele>145.5604750867933</ele>
        <time>2026-08-06T14:38:44Z</time>
      </trkpt>
      <trkpt lat="34.82883254742258" lon="113.65878543485638">
        <ele>149.4993545934558</ele>
        <time>2026-08-06T14:40:24Z</time>
      </trkpt>
      <trkpt lat="34.828773567306754" lon="113.65874812523025">
        <ele>149.99924969580024</ele>
        <time>2026-08-06T14:40:54Z</time>
      </trkpt>
      <trkpt lat="34.82883857215772" lon="113.65870472964949">
        <ele>148.8820921787992</ele>
        <time>2026-08-06T14:41:28Z</time>
      </trkpt>
      <trkpt lat="34.82886265624525" lon="113.65877045677685">
        <ele>148.40150583535433</ele>
        <time>2026-08-06T14:41:31Z</time>
      </trkpt>
      <trkpt lat="34.82873121886305" lon="113.65873063754185">
        <ele>150.88611305505037</ele>
        <time>2026-08-06T14:42:04Z</time>
      </trkpt>
      <trkpt lat="34.82880068463563" lon="113.65875192427694">
        <ele>153.84276686422527</ele>
        <time>2026-08-06T14:43:01Z</time>
      </trkpt>
      <trkpt lat="34.82884914582554" lon="113.65878446586687">
        <ele>146.6233041966334</ele>
        <time>2026-08-06T14:44:14Z</time>
      </trkpt>
      <trkpt lat="34.82881859391099" lon="113.6587524960454">
        <ele>153.3740774616599</ele>
        <time>2026-08-06T14:44:50Z</time>
      </trkpt>
      <trkpt lat="34.82879855171249" lon="113.65870306223492">
        <ele>156.38054998405278</ele>
        <time>2026-08-06T14:46:49Z</time>
      </trkpt>
      <trkpt lat="34.82887605406182" lon="113.65876612114357">
        <ele>159.06383419502527</ele>
        <time>2026-08-06T14:47:19Z</time>
      </trkpt>
      <trkpt lat="34.82882179512504" lon="113.65872883398534">
        <ele>151.66836311016232</ele>
        <time>2026-08-06T14:48:53Z</time>
      </trkpt>
      <trkpt lat="34.82875918953968" lon="113.65870946079731">
        <ele>158.0662445090711</ele>
        <time>2026-08-06T14:49:29Z</time>
      </trkpt>
      <trkpt lat="34.82882231876104" lon="113.65870969473946">
        <ele>151.85733196791261</ele>
        <time>2026-08-06T14:50:27Z</time>
      </trkpt>
      <trkpt lat="34.828755675542425" lon="113.65860962298012">
        <ele>194.81421853695065</ele>
        <time>2026-08-06T14:52:40Z</time>
      </trkpt>
      <trkpt lat="34.82880011091748" lon="113.6586942386716">
        <ele>153.2975372588262</ele>
        <time>2026-08-06T14:53:10Z</time>
      </trkpt>
      <trkpt lat="34.828755675542325" lon="113.65860962298012">
        <ele>193.9127197265625</ele>
        <time>2026-08-06T14:54:14Z</time>
      </trkpt>
      <trkpt lat="34.828813386187086" lon="113.65865515965424">
        <ele>154.81547642033547</ele>
        <time>2026-08-06T14:57:26Z</time>
      </trkpt>
      <trkpt lat="34.82881403838544" lon="113.65871593012109">
        <ele>157.3509067557752</ele>
        <time>2026-08-06T14:57:56Z</time>
      </trkpt>
      <trkpt lat="34.828885398474085" lon="113.65863020809176">
        <ele>148.64621988404542</ele>
        <time>2026-08-06T14:58:36Z</time>
      </trkpt>
      <trkpt lat="34.82882336029369" lon="113.65865975262226">
        <ele>151.57976445741951</ele>
        <time>2026-08-06T14:59:00Z</time>
      </trkpt>
      <trkpt lat="34.828786366904545" lon="113.65862706016674">
        <ele>147.92145961336792</ele>
        <time>2026-08-06T14:59:06Z</time>
      </trkpt>
      <trkpt lat="34.82882414765605" lon="113.65868898576785">
        <ele>152.35046422854066</ele>
        <time>2026-08-06T14:59:09Z</time>
      </trkpt>
      <trkpt lat="34.8287727870442" lon="113.65872440382071">
        <ele>156.79364850744605</ele>
        <time>2026-08-06T14:59:36Z</time>
      </trkpt>
      <trkpt lat="34.82880551510334" lon="113.65868289895819">
        <ele>164.76839966420084</ele>
        <time>2026-08-06T15:00:40Z</time>
      </trkpt>
      <trkpt lat="34.82870129890453" lon="113.65869428884217">
        <ele>161.97338960971683</ele>
        <time>2026-08-06T15:00:46Z</time>
      </trkpt>
      <trkpt lat="34.82879068874714" lon="113.65874506706606">
        <ele>151.043546567671</ele>
        <time>2026-08-06T15:01:40Z</time>
      </trkpt>
      <trkpt lat="34.828763481176914" lon="113.65879110773781">
        <ele>147.26447468437254</ele>
        <time>2026-08-06T15:01:43Z</time>
      </trkpt>
      <trkpt lat="34.829017916018564" lon="113.65872812839062">
        <ele>157.02785894740373</ele>
        <time>2026-08-06T15:01:49Z</time>
      </trkpt>
      <trkpt lat="34.82880946956562" lon="113.65871594824173">
        <ele>159.72122512757778</ele>
        <time>2026-08-06T15:02:11Z</time>
      </trkpt>
      <trkpt lat="34.828758050349386" lon="113.65874153832203">
        <ele>161.819609683007</ele>
        <time>2026-08-06T15:02:17Z</time>
      </trkpt>
      <trkpt lat="34.8288399019119" lon="113.6587201646107">
        <ele>166.28343382570893</ele>
        <time>2026-08-06T15:02:29Z</time>
      </trkpt>
      <trkpt lat="34.82879055260642" lon="113.65871512050464">
        <ele>161.05546340718865</ele>
        <time>2026-08-06T15:02:46Z</time>
      </trkpt>
      <trkpt lat="34.8288297622316" lon="113.6586838313902">
        <ele>154.51967378053814</ele>
        <time>2026-08-06T15:04:21Z</time>
      </trkpt>
      <trkpt lat="34.828778582242755" lon="113.6588393487906">
        <ele>149.9220519280061</ele>
        <time>2026-08-06T15:06:25Z</time>
      </trkpt>
      <trkpt lat="34.82881830767228" lon="113.6586220598367">
        <ele>147.16838952433318</ele>
        <time>2026-08-06T15:06:31Z</time>
      </trkpt>
      <trkpt lat="34.82882555892321" lon="113.65841585889544">
        <ele>147.14172675646842</ele>
        <time>2026-08-06T15:06:37Z</time>
      </trkpt>
      <trkpt lat="34.828821747532864" lon="113.6586439249035">
        <ele>147.02763978069694</ele>
        <time>2026-08-06T15:07:02Z</time>
      </trkpt>
      <trkpt lat="34.82885644147906" lon="113.6586817181">
        <ele>156.1958746863529</ele>
        <time>2026-08-06T15:11:51Z</time>
      </trkpt>
      <trkpt lat="34.828950519823586" lon="113.65874378205721">
        <ele>142.26544816978276</ele>
        <time>2026-08-06T15:15:08Z</time>
      </trkpt>
      <trkpt lat="34.82884936771239" lon="113.6587206024992">
        <ele>153.81145153660327</ele>
        <time>2026-08-06T15:15:23Z</time>
      </trkpt>
      <trkpt lat="34.82856885275576" lon="113.65871478384278">
        <ele>172.50628394912928</ele>
        <time>2026-08-06T15:16:46Z</time>
      </trkpt>
      <trkpt lat="34.82877115135657" lon="113.65874489400908">
        <ele>152.73556146025658</ele>
        <time>2026-08-06T15:16:58Z</time>
      </trkpt>
      <trkpt lat="34.82881398846745" lon="113.65872705551989">
        <ele>146.253757157363</ele>
        <time>2026-08-06T15:17:10Z</time>
      </trkpt>
      <trkpt lat="34.82886075954621" lon="113.65873553065879">
        <ele>141.52208831254393</ele>
        <time>2026-08-06T15:17:40Z</time>
      </trkpt>
      <trkpt lat="34.82882420286495" lon="113.65870029374759">
        <ele>152.69403687957674</ele>
        <time>2026-08-06T15:19:41Z</time>
      </trkpt>
      <trkpt lat="34.82851904750744" lon="113.65869754356044">
        <ele>166.15819741319865</ele>
        <time>2026-08-06T15:20:17Z</time>
      </trkpt>
      <trkpt lat="34.828488055334276" lon="113.65865553731133">
        <ele>168.3190663959831</ele>
        <time>2026-08-06T15:20:32Z</time>
      </trkpt>
      <trkpt lat="34.82877946842432" lon="113.65869472544261">
        <ele>135.97153318393975</ele>
        <time>2026-08-06T15:21:05Z</time>
      </trkpt>
      <trkpt lat="34.828578841397615" lon="113.65862875701842">
        <ele>164.38021162711084</ele>
        <time>2026-08-06T15:21:20Z</time>
      </trkpt>
      <trkpt lat="34.8285196811455" lon="113.65863144133318">
        <ele>166.44800871703774</ele>
        <time>2026-08-06T15:21:26Z</time>
      </trkpt>
      <trkpt lat="34.82874333406957" lon="113.65867204037579">
        <ele>145.74060823768377</ele>
        <time>2026-08-06T15:22:05Z</time>
      </trkpt>
      <trkpt lat="34.82878965101101" lon="113.6586719568167">
        <ele>142.3675003591925</ele>
        <time>2026-08-06T15:22:30Z</time>
      </trkpt>
      <trkpt lat="34.82870000744362" lon="113.65863463990904">
        <ele>157.58470715489239</ele>
        <time>2026-08-06T15:24:32Z</time>
      </trkpt>
      <trkpt lat="34.82863764144118" lon="113.65864748339023">
        <ele>159.37857816927135</ele>
        <time>2026-08-06T15:24:41Z</time>
      </trkpt>
      <trkpt lat="34.82870581957658" lon="113.6586678112967">
        <ele>142.6669686799869</ele>
        <time>2026-08-06T15:24:56Z</time>
      </trkpt>
      <trkpt lat="34.82865511949286" lon="113.65866841244906">
        <ele>164.59015909954906</ele>
        <time>2026-08-06T15:25:11Z</time>
      </trkpt>
      <trkpt lat="34.82858937844644" lon="113.65868745722283">
        <ele>158.3599302880466</ele>
        <time>2026-08-06T15:25:35Z</time>
      </trkpt>
      <trkpt lat="34.82854737624307" lon="113.65865674221718">
        <ele>159.5443492643535</ele>
        <time>2026-08-06T15:25:44Z</time>
      </trkpt>
      <trkpt lat="34.828611408841574" lon="113.65868173603246">
        <ele>153.24133443646133</ele>
        <time>2026-08-06T15:27:01Z</time>
      </trkpt>
      <trkpt lat="34.82852501532762" lon="113.65870232204632">
        <ele>158.85497784335166</ele>
        <time>2026-08-06T15:27:04Z</time>
      </trkpt>
      <trkpt lat="34.82858843504787" lon="113.65870647125942">
        <ele>153.0445125270635</ele>
        <time>2026-08-06T15:27:31Z</time>
      </trkpt>
      <trkpt lat="34.82854975340251" lon="113.65873549510272">
        <ele>157.1205979064107</ele>
        <time>2026-08-06T15:27:37Z</time>
      </trkpt>
      <trkpt lat="34.82852015118225" lon="113.65869435622828">
        <ele>156.30267854966223</ele>
        <time>2026-08-06T15:27:58Z</time>
      </trkpt>
      <trkpt lat="34.82869129551606" lon="113.65872383103208">
        <ele>150.6786375613883</ele>
        <time>2026-08-06T15:28:07Z</time>
      </trkpt>
      <trkpt lat="34.828781250204074" lon="113.65878614609369">
        <ele>143.77827233821154</ele>
        <time>2026-08-06T15:28:19Z</time>
      </trkpt>
      <trkpt lat="34.82873214834753" lon="113.65880124760615">
        <ele>152.65358876343817</ele>
        <time>2026-08-06T15:28:25Z</time>
      </trkpt>
      <trkpt lat="34.82877123070639" lon="113.65876721280512">
        <ele>147.81658752355725</ele>
        <time>2026-08-06T15:28:36Z</time>
      </trkpt>
      <trkpt lat="34.82872483230508" lon="113.65879847200837">
        <ele>148.03347542788833</ele>
        <time>2026-08-06T15:28:58Z</time>
      </trkpt>
      <trkpt lat="34.82879954233562" lon="113.65876624377933">
        <ele>143.63856521155685</ele>
        <time>2026-08-06T15:29:10Z</time>
      </trkpt>
      <trkpt lat="34.82863784839798" lon="113.65876624703384">
        <ele>148.88417521025985</ele>
        <time>2026-08-06T15:29:16Z</time>
      </trkpt>
      <trkpt lat="34.82872877865037" lon="113.65875088563199">
        <ele>139.36719121597707</ele>
        <time>2026-08-06T15:29:28Z</time>
      </trkpt>
      <trkpt lat="34.82888674684211" lon="113.65872455270082">
        <ele>136.25867120362818</ele>
        <time>2026-08-06T15:29:31Z</time>
      </trkpt>
      <trkpt lat="34.828692990852694" lon="113.65868943078576">
        <ele>151.02059048600495</ele>
        <time>2026-08-06T15:29:43Z</time>
      </trkpt>
      <trkpt lat="34.82863344627617" lon="113.65870239749748">
        <ele>150.69426856003702</ele>
        <time>2026-08-06T15:29:49Z</time>
      </trkpt>
      <trkpt lat="34.828592114786176" lon="113.65872997336726">
        <ele>148.4538768325001</ele>
        <time>2026-08-06T15:30:41Z</time>
      </trkpt>
      <trkpt lat="34.82858091257498" lon="113.65878321236653">
        <ele>141.95559637993574</ele>
        <time>2026-08-06T15:31:02Z</time>
      </trkpt>
      <trkpt lat="34.828624350398485" lon="113.65875511844737">
        <ele>134.11547005735338</ele>
        <time>2026-08-06T15:32:23Z</time>
      </trkpt>
      <trkpt lat="34.828670090464485" lon="113.65875428710645">
        <ele>139.77744830679148</ele>
        <time>2026-08-06T15:32:59Z</time>
      </trkpt>
      <trkpt lat="34.828716787023076" lon="113.65875328728467">
        <ele>130.2965401802212</ele>
        <time>2026-08-06T15:33:38Z</time>
      </trkpt>
      <trkpt lat="34.82876412974216" lon="113.65875676921621">
        <ele>122.17626120522618</ele>
        <time>2026-08-06T15:35:08Z</time>
      </trkpt>
      <trkpt lat="34.828809187717" lon="113.65875642270163">
        <ele>111.75984169449657</ele>
        <time>2026-08-06T15:41:37Z</time>
      </trkpt>
      <trkpt lat="34.82908333372907" lon="113.65879884291024">
        <ele>145.9147745538503</ele>
        <time>2026-08-06T15:43:59Z</time>
      </trkpt>
      <trkpt lat="34.82889527998996" lon="113.65872845589651">
        <ele>148.3302886635065</ele>
        <time>2026-08-06T15:44:02Z</time>
      </trkpt>
      <trkpt lat="34.828844924834804" lon="113.65873934467976">
        <ele>144.9212495237589</ele>
        <time>2026-08-06T15:44:08Z</time>
      </trkpt>
      <trkpt lat="34.82907509841311" lon="113.65877890057028">
        <ele>119.2971782553941</ele>
        <time>2026-08-06T15:44:32Z</time>
      </trkpt>
      <trkpt lat="34.828824372214726" lon="113.65865491852819">
        <ele>150.4721397506073</ele>
        <time>2026-08-06T15:44:38Z</time>
      </trkpt>
      <trkpt lat="34.82911562429044" lon="113.65870870587129">
        <ele>148.42669082432985</ele>
        <time>2026-08-06T15:44:56Z</time>
      </trkpt>
      <trkpt lat="34.82925814502555" lon="113.65873954023286">
        <ele>141.43696366623044</ele>
        <time>2026-08-06T15:45:02Z</time>
      </trkpt>
      <trkpt lat="34.82893854519888" lon="113.65873925697771">
        <ele>170.42605727165937</ele>
        <time>2026-08-06T15:45:11Z</time>
      </trkpt>
      <trkpt lat="34.828798130375525" lon="113.65870525315627">
        <ele>171.6222928771749</ele>
        <time>2026-08-06T15:45:42Z</time>
      </trkpt>
      <trkpt lat="34.828847066630544" lon="113.65873558346149">
        <ele>156.95090686064214</ele>
        <time>2026-08-06T15:46:03Z</time>
      </trkpt>
      <trkpt lat="34.82894419398003" lon="113.65875256243909">
        <ele>150.9638119917363</ele>
        <time>2026-08-06T15:46:09Z</time>
      </trkpt>
      <trkpt lat="34.82887537159516" lon="113.65871378472667">
        <ele>162.237917708233</ele>
        <time>2026-08-06T15:46:12Z</time>
      </trkpt>
      <trkpt lat="34.82894761022297" lon="113.65871696635851">
        <ele>159.95319096464664</ele>
        <time>2026-08-06T15:46:27Z</time>
      </trkpt>
      <trkpt lat="34.82922719730861" lon="113.65877648783224">
        <ele>152.9676139773801</ele>
        <time>2026-08-06T15:46:36Z</time>
      </trkpt>
      <trkpt lat="34.82886241338334" lon="113.65869424515253">
        <ele>158.73630343563855</ele>
        <time>2026-08-06T15:46:42Z</time>
      </trkpt>
      <trkpt lat="34.828753837158054" lon="113.65862875456133">
        <ele>156.91295491810888</ele>
        <time>2026-08-06T15:46:45Z</time>
      </trkpt>
      <trkpt lat="34.82880169265427" lon="113.65862288125429">
        <ele>163.62900004535913</ele>
        <time>2026-08-06T15:47:00Z</time>
      </trkpt>
      <trkpt lat="34.82883853536019" lon="113.65866433349382">
        <ele>164.87294373754412</ele>
        <time>2026-08-06T15:47:37Z</time>
      </trkpt>
      <trkpt lat="34.82892880785127" lon="113.65868576476838">
        <ele>167.5671646008268</ele>
        <time>2026-08-06T15:48:13Z</time>
      </trkpt>
      <trkpt lat="34.82885068723811" lon="113.65868639749631">
        <ele>181.17557416297495</ele>
        <time>2026-08-06T15:48:22Z</time>
      </trkpt>
      <trkpt lat="34.828896956117134" lon="113.65868338731727">
        <ele>148.91403173282743</ele>
        <time>2026-08-06T15:48:49Z</time>
      </trkpt>
      <trkpt lat="34.828764195853665" lon="113.65862308193846">
        <ele>161.35781267285347</ele>
        <time>2026-08-06T15:48:55Z</time>
      </trkpt>
      <trkpt lat="34.82881968029802" lon="113.65862500165133">
        <ele>158.7350323162973</ele>
        <time>2026-08-06T15:49:07Z</time>
      </trkpt>
      <trkpt lat="34.82873146624528" lon="113.65859008702975">
        <ele>163.79404894914478</ele>
        <time>2026-08-06T15:49:13Z</time>
      </trkpt>
      <trkpt lat="34.828738426022404" lon="113.65864403699436">
        <ele>165.94161377009004</ele>
        <time>2026-08-06T15:49:25Z</time>
      </trkpt>
      <trkpt lat="34.828702282764986" lon="113.65867782678967">
        <ele>190.82811283506453</ele>
        <time>2026-08-06T15:49:48Z</time>
      </trkpt>
      <trkpt lat="34.8290291402672" lon="113.65878304696189">
        <ele>153.65196954179555</ele>
        <time>2026-08-06T15:50:57Z</time>
      </trkpt>
      <trkpt lat="34.828839060600004" lon="113.65871166047886">
        <ele>178.48695497959852</ele>
        <time>2026-08-06T15:51:34Z</time>
      </trkpt>
      <trkpt lat="34.82889792543337" lon="113.6587083188066">
        <ele>175.47301925811917</ele>
        <time>2026-08-06T15:51:49Z</time>
      </trkpt>
      <trkpt lat="34.828945050393045" lon="113.65871551713828">
        <ele>155.66921611875296</ele>
        <time>2026-08-06T15:51:58Z</time>
      </trkpt>
      <trkpt lat="34.828903153328675" lon="113.65869400258129">
        <ele>169.4184489911422</ele>
        <time>2026-08-06T15:52:04Z</time>
      </trkpt>
      <trkpt lat="34.8289441303799" lon="113.65872298932">
        <ele>164.61896761041135</ele>
        <time>2026-08-06T15:52:19Z</time>
      </trkpt>
      <trkpt lat="34.82921240441599" lon="113.65879027581035">
        <ele>147.29942196421325</ele>
        <time>2026-08-06T15:52:31Z</time>
      </trkpt>
      <trkpt lat="34.82892495387728" lon="113.65871130855344">
        <ele>169.74009527731687</ele>
        <time>2026-08-06T15:52:34Z</time>
      </trkpt>
      <trkpt lat="34.828869885417284" lon="113.6587275561888">
        <ele>172.20050487294793</ele>
        <time>2026-08-06T15:52:40Z</time>
      </trkpt>
      <trkpt lat="34.82883086410807" lon="113.65875494138663">
        <ele>184.6916351225227</ele>
        <time>2026-08-06T15:52:58Z</time>
      </trkpt>
      <trkpt lat="34.828998264685126" lon="113.65874020957335">
        <ele>168.69783617649227</ele>
        <time>2026-08-06T15:53:45Z</time>
      </trkpt>
      <trkpt lat="34.829246539158305" lon="113.65878072589479">
        <ele>147.52655363455415</ele>
        <time>2026-08-06T15:54:04Z</time>
      </trkpt>
      <trkpt lat="34.82910282028552" lon="113.65874610388222">
        <ele>167.73993541765958</ele>
        <time>2026-08-06T15:54:13Z</time>
      </trkpt>
      <trkpt lat="34.82878540841551" lon="113.65873754648335">
        <ele>180.4606493115425</ele>
        <time>2026-08-06T15:54:31Z</time>
      </trkpt>
      <trkpt lat="34.828727379906454" lon="113.65873006991097">
        <ele>175.4402867583558</ele>
        <time>2026-08-06T15:54:37Z</time>
      </trkpt>
      <trkpt lat="34.828778010387914" lon="113.65874041799844">
        <ele>174.09469005651772</ele>
        <time>2026-08-06T15:54:58Z</time>
      </trkpt>
      <trkpt lat="34.828730138732695" lon="113.65873654713151">
        <ele>181.83503621909767</ele>
        <time>2026-08-06T15:55:43Z</time>
      </trkpt>
      <trkpt lat="34.82877266096236" lon="113.65875549262701">
        <ele>161.91114865336567</ele>
        <time>2026-08-06T16:01:03Z</time>
      </trkpt>
      <trkpt lat="34.828819022802264" lon="113.65874961682476">
        <ele>145.91939944494516</ele>
        <time>2026-08-06T16:01:36Z</time>
      </trkpt>
      <trkpt lat="34.82877355552362" lon="113.65874744182734">
        <ele>183.6893015410751</ele>
        <time>2026-08-06T16:05:06Z</time>
      </trkpt>
      <trkpt lat="34.82872793153836" lon="113.65873601485717">
        <ele>183.95193811971694</ele>
        <time>2026-08-06T16:05:48Z</time>
      </trkpt>
      <trkpt lat="34.828774867180044" lon="113.65873369237147">
        <ele>164.15509699936956</ele>
        <time>2026-08-06T16:10:53Z</time>
      </trkpt>
      <trkpt lat="34.82880673037499" lon="113.65877354740694">
        <ele>165.87311565503478</ele>
        <time>2026-08-06T16:18:12Z</time>
      </trkpt>
      <trkpt lat="34.828850308535486" lon="113.65878846552832">
        <ele>172.30363078881055</ele>
        <time>2026-08-06T16:20:33Z</time>
      </trkpt>
      <trkpt lat="34.828888138465544" lon="113.65881872916287">
        <ele>185.07440946437418</ele>
        <time>2026-08-06T16:23:47Z</time>
      </trkpt>
      <trkpt lat="34.82890463635585" lon="113.6588708699327">
        <ele>187.07733927480876</ele>
        <time>2026-08-06T16:24:23Z</time>
      </trkpt>
      <trkpt lat="34.82887419862127" lon="113.65892136066492">
        <ele>198.69716660119593</ele>
        <time>2026-08-06T16:27:38Z</time>
      </trkpt>
      <trkpt lat="34.82890655603753" lon="113.65896565216416">
        <ele>197.08908068947494</ele>
        <time>2026-08-06T16:27:47Z</time>
      </trkpt>
      <trkpt lat="34.82886591586414" lon="113.658930308832">
        <ele>199.06137283239514</ele>
        <time>2026-08-06T16:28:59Z</time>
      </trkpt>
      <trkpt lat="34.82880926262876" lon="113.65892024008163">
        <ele>224.92030183039606</ele>
        <time>2026-08-06T16:29:11Z</time>
      </trkpt>
      <trkpt lat="34.82848532006445" lon="113.65883637076499">
        <ele>276.03660686314106</ele>
        <time>2026-08-06T16:30:16Z</time>
      </trkpt>
      <trkpt lat="34.82855109291387" lon="113.65868032670673">
        <ele>289.61115329060704</ele>
        <time>2026-08-06T16:30:22Z</time>
      </trkpt>
      <trkpt lat="34.828447080559336" lon="113.65865433057643">
        <ele>296.234490823932</ele>
        <time>2026-08-06T16:30:25Z</time>
      </trkpt>
      <trkpt lat="34.828779293031175" lon="113.65868000312777">
        <ele>165.289794921875</ele>
        <time>2026-08-06T16:30:49Z</time>
      </trkpt>
      <trkpt lat="34.82879092544378" lon="113.65873476571397">
        <ele>156.2502993158996</ele>
        <time>2026-08-06T16:31:43Z</time>
      </trkpt>
      <trkpt lat="34.82882819707995" lon="113.65876700595196">
        <ele>152.96453983150423</ele>
        <time>2026-08-06T16:32:19Z</time>
      </trkpt>
      <trkpt lat="34.82887015364009" lon="113.65879213094048">
        <ele>157.1305455043912</ele>
        <time>2026-08-06T16:37:59Z</time>
      </trkpt>
      <trkpt lat="34.82891725972171" lon="113.6587961248444">
        <ele>148.21378512773663</ele>
        <time>2026-08-06T16:38:05Z</time>
      </trkpt>
      <trkpt lat="34.82888532556381" lon="113.65874859746141">
        <ele>156.91781544312835</ele>
        <time>2026-08-06T16:38:17Z</time>
      </trkpt>
      <trkpt lat="34.828830033629266" lon="113.65875890984074">
        <ele>160.5718714054674</ele>
        <time>2026-08-06T16:38:50Z</time>
      </trkpt>
      <trkpt lat="34.82878594535619" lon="113.65877455051424">
        <ele>167.68298506364226</ele>
        <time>2026-08-06T16:39:35Z</time>
      </trkpt>
      <trkpt lat="34.82883506535464" lon="113.6587525008475">
        <ele>157.20353994332254</ele>
        <time>2026-08-06T16:45:14Z</time>
      </trkpt>
      <trkpt lat="34.828790584525535" lon="113.65873330086397">
        <ele>158.79723338969052</ele>
        <time>2026-08-06T16:45:20Z</time>
      </trkpt>
      <trkpt lat="34.8287467251502" lon="113.65871406547085">
        <ele>164.18040216062218</ele>
        <time>2026-08-06T16:45:41Z</time>
      </trkpt>
      <trkpt lat="34.828792554926125" lon="113.6587205700541">
        <ele>157.2964431522414</ele>
        <time>2026-08-06T16:46:02Z</time>
      </trkpt>
      <trkpt lat="34.82883326148263" lon="113.65874387616675">
        <ele>159.19378135260195</ele>
        <time>2026-08-06T16:55:35Z</time>
      </trkpt>
      <trkpt lat="34.828783054391025" lon="113.65871274720428">
        <ele>153.6217088336125</ele>
        <time>2026-08-06T17:01:20Z</time>
      </trkpt>
      <trkpt lat="34.82869344561431" lon="113.65865740896604">
        <ele>172.41700043343008</ele>
        <time>2026-08-06T17:02:47Z</time>
      </trkpt>
      <trkpt lat="34.82874600634993" lon="113.65866767898466">
        <ele>159.7521036984399</ele>
        <time>2026-08-06T17:02:50Z</time>
      </trkpt>
      <trkpt lat="34.8287394105682" lon="113.65872282829314">
        <ele>162.75948176998645</ele>
        <time>2026-08-06T17:04:54Z</time>
      </trkpt>
      <trkpt lat="34.82879058491007" lon="113.65874731665244">
        <ele>148.29803803935647</ele>
        <time>2026-08-06T17:11:42Z</time>
      </trkpt>
      <trkpt lat="34.82882597596844" lon="113.65871293799317">
        <ele>166.24435054697096</ele>
        <time>2026-08-06T17:22:19Z</time>
      </trkpt>
      <trkpt lat="34.82897117802085" lon="113.65877550178723">
        <ele>139.04170636087656</ele>
        <time>2026-08-06T17:26:57Z</time>
      </trkpt>
      <trkpt lat="34.8287061575675" lon="113.65859558662375">
        <ele>116.05343068670481</ele>
        <time>2026-08-06T17:27:24Z</time>
      </trkpt>
      <trkpt lat="34.82863126304117" lon="113.658548599642">
        <ele>118.06005183048546</ele>
        <time>2026-08-06T17:27:27Z</time>
      </trkpt>
      <trkpt lat="34.828523876444514" lon="113.65852281975428">
        <ele>120.7600681334734</ele>
        <time>2026-08-06T17:27:30Z</time>
      </trkpt>
      <trkpt lat="34.828408570587754" lon="113.65852247794302">
        <ele>122.70475711859763</ele>
        <time>2026-08-06T17:27:33Z</time>
      </trkpt>
      <trkpt lat="34.82873003538651" lon="113.65865438368944">
        <ele>146.89168517198414</ele>
        <time>2026-08-06T17:27:54Z</time>
      </trkpt>
      <trkpt lat="34.828775095096915" lon="113.65867302940094">
        <ele>150.496402756311</ele>
        <time>2026-08-06T17:27:57Z</time>
      </trkpt>
      <trkpt lat="34.82882131830413" lon="113.65867279328846">
        <ele>127.82651065196842</ele>
        <time>2026-08-06T17:29:19Z</time>
      </trkpt>
      <trkpt lat="34.82876637402745" lon="113.65868391219004">
        <ele>130.58308410458267</ele>
        <time>2026-08-06T17:30:20Z</time>
      </trkpt>
      <trkpt lat="34.8288115171623" lon="113.6586837742274">
        <ele>136.38942548260093</ele>
        <time>2026-08-06T17:30:41Z</time>
      </trkpt>
      <trkpt lat="34.82881983048048" lon="113.65873922456383">
        <ele>153.58781223278493</ele>
        <time>2026-08-06T17:32:05Z</time>
      </trkpt>
      <trkpt lat="34.828857749402296" lon="113.65877071074931">
        <ele>145.71796036791056</ele>
        <time>2026-08-06T17:33:45Z</time>
      </trkpt>
      <trkpt lat="34.82880621490451" lon="113.65876311124735">
        <ele>150.85692355316132</ele>
        <time>2026-08-06T17:34:00Z</time>
      </trkpt>
      <trkpt lat="34.82864592514667" lon="113.65853392768491">
        <ele>144.989890512079</ele>
        <time>2026-08-06T17:34:06Z</time>
      </trkpt>
      <trkpt lat="34.828726153486585" lon="113.65860472348133">
        <ele>145.47864677011967</ele>
        <time>2026-08-06T17:34:12Z</time>
      </trkpt>
      <trkpt lat="34.8287570155901" lon="113.65867100764149">
        <ele>147.5479366686195</ele>
        <time>2026-08-06T17:34:15Z</time>
      </trkpt>
      <trkpt lat="34.82879435961509" lon="113.65870653798312">
        <ele>148.4284231197089</ele>
        <time>2026-08-06T17:34:24Z</time>
      </trkpt>
      <trkpt lat="34.82884668567495" lon="113.65874582611355">
        <ele>143.57005805522203</ele>
        <time>2026-08-06T17:34:45Z</time>
      </trkpt>
      <trkpt lat="34.828781794148085" lon="113.65876487393197">
        <ele>145.78160731121898</ele>
        <time>2026-08-06T17:35:18Z</time>
      </trkpt>
      <trkpt lat="34.82886893559351" lon="113.65882302270624">
        <ele>153.44400994013995</ele>
        <time>2026-08-06T17:35:39Z</time>
      </trkpt>
      <trkpt lat="34.82883714928913" lon="113.65878219648798">
        <ele>146.0960728544742</ele>
        <time>2026-08-06T17:35:45Z</time>
      </trkpt>
      <trkpt lat="34.82879780220463" lon="113.65874417213087">
        <ele>150.1930536646396</ele>
        <time>2026-08-06T17:36:06Z</time>
      </trkpt>
      <trkpt lat="34.828829578739736" lon="113.6587872398467">
        <ele>133.88622533157468</ele>
        <time>2026-08-06T17:39:45Z</time>
      </trkpt>
      <trkpt lat="34.82886822948438" lon="113.65883966011891">
        <ele>137.90734767448157</ele>
        <time>2026-08-06T17:39:48Z</time>
      </trkpt>
      <trkpt lat="34.828921545401606" lon="113.6588673159219">
        <ele>119.52210812270641</ele>
        <time>2026-08-06T17:39:57Z</time>
      </trkpt>
      <trkpt lat="34.82896323235446" lon="113.65891915118578">
        <ele>118.54222677648067</ele>
        <time>2026-08-06T17:40:06Z</time>
      </trkpt>
      <trkpt lat="34.82886779565299" lon="113.65872469535667">
        <ele>134.68019271735102</ele>
        <time>2026-08-06T17:40:12Z</time>
      </trkpt>
      <trkpt lat="34.82895412021761" lon="113.65885052499942">
        <ele>125.09995564259589</ele>
        <time>2026-08-06T17:40:25Z</time>
      </trkpt>
      <trkpt lat="34.8289929775909" lon="113.65888350268659">
        <ele>110.25702445954084</ele>
        <time>2026-08-06T17:40:34Z</time>
      </trkpt>
      <trkpt lat="34.829039996507" lon="113.65897773560965">
        <ele>114.66575197782367</ele>
        <time>2026-08-06T17:40:40Z</time>
      </trkpt>
      <trkpt lat="34.828833456945254" lon="113.65875701254376">
        <ele>148.35318417288363</ele>
        <time>2026-08-06T17:40:43Z</time>
      </trkpt>
      <trkpt lat="34.82879007511651" lon="113.65877210496315">
        <ele>150.7982334094122</ele>
        <time>2026-08-06T17:40:47Z</time>
      </trkpt>
      <trkpt lat="34.828708349438365" lon="113.65857996070629">
        <ele>146.4412698019296</ele>
        <time>2026-08-06T17:40:51Z</time>
      </trkpt>
      <trkpt lat="34.82864527428374" lon="113.65848331201533">
        <ele>147.87786274496466</ele>
        <time>2026-08-06T17:40:55Z</time>
      </trkpt>
      <trkpt lat="34.82863420452754" lon="113.65854174032314">
        <ele>147.16702073533088</ele>
        <time>2026-08-06T17:41:02Z</time>
      </trkpt>
      <trkpt lat="34.82874210798467" lon="113.65861775521013">
        <ele>132.3369557512924</ele>
        <time>2026-08-06T17:41:14Z</time>
      </trkpt>
      <trkpt lat="34.828787529759744" lon="113.65877299504852">
        <ele>132.92528289090842</ele>
        <time>2026-08-06T17:41:20Z</time>
      </trkpt>
      <trkpt lat="34.82891035606854" lon="113.65886625480725">
        <ele>120.78533909656107</ele>
        <time>2026-08-06T17:41:32Z</time>
      </trkpt>
      <trkpt lat="34.82901081616818" lon="113.65899845389848">
        <ele>123.15020169690251</ele>
        <time>2026-08-06T17:41:38Z</time>
      </trkpt>
      <trkpt lat="34.82906599299016" lon="113.65904201971132">
        <ele>120.30430862959474</ele>
        <time>2026-08-06T17:41:41Z</time>
      </trkpt>
      <trkpt lat="34.82887148034184" lon="113.65877804540423">
        <ele>143.85995323676616</ele>
        <time>2026-08-06T17:41:47Z</time>
      </trkpt>
      <trkpt lat="34.82877311842477" lon="113.65870712434837">
        <ele>153.07949578855187</ele>
        <time>2026-08-06T17:42:02Z</time>
      </trkpt>
      <trkpt lat="34.82882783423345" lon="113.6587765164805">
        <ele>146.62827110569924</ele>
        <time>2026-08-06T17:44:00Z</time>
      </trkpt>
      <trkpt lat="34.82885717198728" lon="113.6588459109268">
        <ele>137.48130986001343</ele>
        <time>2026-08-06T17:44:09Z</time>
      </trkpt>
      <trkpt lat="34.82882834603866" lon="113.65878220875527">
        <ele>137.30893788393587</ele>
        <time>2026-08-06T17:44:12Z</time>
      </trkpt>
      <trkpt lat="34.82886369350725" lon="113.65883175009459">
        <ele>141.40481964312494</ele>
        <time>2026-08-06T17:44:21Z</time>
      </trkpt>
      <trkpt lat="34.828824243885705" lon="113.65877863207207">
        <ele>139.47054736688733</ele>
        <time>2026-08-06T17:44:33Z</time>
      </trkpt>
      <trkpt lat="34.82881465834786" lon="113.65869810260837">
        <ele>136.72842420451343</ele>
        <time>2026-08-06T17:45:02Z</time>
      </trkpt>
      <trkpt lat="34.82883401100595" lon="113.65875167056502">
        <ele>121.68191831279546</ele>
        <time>2026-08-06T17:45:22Z</time>
      </trkpt>
      <trkpt lat="34.828784367496" lon="113.65872347950345">
        <ele>132.73984332941473</ele>
        <time>2026-08-06T17:45:37Z</time>
      </trkpt>
      <trkpt lat="34.82885762273689" lon="113.65880382204703">
        <ele>121.16444722376764</ele>
        <time>2026-08-06T17:45:40Z</time>
      </trkpt>
      <trkpt lat="34.82898768357548" lon="113.65903289757098">
        <ele>125.03737162798643</ele>
        <time>2026-08-06T17:45:49Z</time>
      </trkpt>
      <trkpt lat="34.829035605634516" lon="113.65892377986597">
        <ele>112.28215163201094</ele>
        <time>2026-08-06T17:45:55Z</time>
      </trkpt>
      <trkpt lat="34.8288907099801" lon="113.6587877840951">
        <ele>137.98810387775302</ele>
        <time>2026-08-06T17:46:01Z</time>
      </trkpt>
      <trkpt lat="34.82883243596278" lon="113.65884652632454">
        <ele>145.15828756988049</ele>
        <time>2026-08-06T17:46:04Z</time>
      </trkpt>
      <trkpt lat="34.828786256761575" lon="113.65877002805443">
        <ele>135.99473775643855</ele>
        <time>2026-08-06T17:46:31Z</time>
      </trkpt>
      <trkpt lat="34.82885422525146" lon="113.65887745699465">
        <ele>141.11986523587257</ele>
        <time>2026-08-06T17:46:58Z</time>
      </trkpt>
      <trkpt lat="34.82882550081577" lon="113.65874692084185">
        <ele>134.40280540287495</ele>
        <time>2026-08-06T17:47:05Z</time>
      </trkpt>
      <trkpt lat="34.82900175539112" lon="113.65905525913509">
        <ele>128.57380651589483</ele>
        <time>2026-08-06T17:47:35Z</time>
      </trkpt>
      <trkpt lat="34.828847623150665" lon="113.65874318161738">
        <ele>140.75640890095383</ele>
        <time>2026-08-06T17:47:38Z</time>
      </trkpt>
      <trkpt lat="34.82882389022902" lon="113.65863676227698">
        <ele>133.6626703320071</ele>
        <time>2026-08-06T17:47:41Z</time>
      </trkpt>
      <trkpt lat="34.82881329829584" lon="113.65873753258086">
        <ele>139.32364432979375</ele>
        <time>2026-08-06T17:47:47Z</time>
      </trkpt>
      <trkpt lat="34.8288268514627" lon="113.6588595373013">
        <ele>140.98116663563997</ele>
        <time>2026-08-06T17:47:50Z</time>
      </trkpt>
      <trkpt lat="34.828805945841275" lon="113.65880484537018">
        <ele>138.74973458983004</ele>
        <time>2026-08-06T17:47:56Z</time>
      </trkpt>
      <trkpt lat="34.82876559194224" lon="113.65884947531586">
        <ele>146.66604257002473</ele>
        <time>2026-08-06T17:48:08Z</time>
      </trkpt>
      <trkpt lat="34.828801779320436" lon="113.65871202857086">
        <ele>139.55892216507345</ele>
        <time>2026-08-06T17:48:11Z</time>
      </trkpt>
      <trkpt lat="34.82879594247295" lon="113.65860649030283">
        <ele>133.52528928872198</ele>
        <time>2026-08-06T17:48:14Z</time>
      </trkpt>
      <trkpt lat="34.82874253715974" lon="113.65859944993906">
        <ele>129.68464122898877</ele>
        <time>2026-08-06T17:48:17Z</time>
      </trkpt>
      <trkpt lat="34.82876794854085" lon="113.65874238356197">
        <ele>134.99894173629582</ele>
        <time>2026-08-06T17:48:23Z</time>
      </trkpt>
      <trkpt lat="34.828729099020286" lon="113.65856577390382">
        <ele>128.57465711887926</ele>
        <time>2026-08-06T17:48:29Z</time>
      </trkpt>
      <trkpt lat="34.82867416227585" lon="113.65850778960716">
        <ele>127.47185670491308</ele>
        <time>2026-08-06T17:48:32Z</time>
      </trkpt>
      <trkpt lat="34.828784029688244" lon="113.65865621353406">
        <ele>137.76681696157902</ele>
        <time>2026-08-06T17:48:41Z</time>
      </trkpt>
      <trkpt lat="34.82895646504511" lon="113.65896761590926">
        <ele>121.10978558752686</ele>
        <time>2026-08-06T17:48:56Z</time>
      </trkpt>
      <trkpt lat="34.82894962611666" lon="113.65888454533587">
        <ele>108.65911406837404</ele>
        <time>2026-08-06T17:49:02Z</time>
      </trkpt>
      <trkpt lat="34.82883892823505" lon="113.65873536230296">
        <ele>130.32236749585718</ele>
        <time>2026-08-06T17:49:15Z</time>
      </trkpt>
      <trkpt lat="34.828934356146654" lon="113.65887712395184">
        <ele>109.9936134237796</ele>
        <time>2026-08-06T17:49:30Z</time>
      </trkpt>
      <trkpt lat="34.828987079035215" lon="113.65894726425557">
        <ele>107.37979070004076</ele>
        <time>2026-08-06T17:49:33Z</time>
      </trkpt>
      <trkpt lat="34.828912719764084" lon="113.6587959787853">
        <ele>117.30710874125361</ele>
        <time>2026-08-06T17:49:45Z</time>
      </trkpt>
      <trkpt lat="34.82884262640004" lon="113.65874742812912">
        <ele>166.1910467306152</ele>
        <time>2026-08-06T17:49:54Z</time>
      </trkpt>
      <trkpt lat="34.82881648028469" lon="113.65869517177599">
        <ele>115.45213081687689</ele>
        <time>2026-08-06T17:50:00Z</time>
      </trkpt>
      <trkpt lat="34.82890617726753" lon="113.65881443378518">
        <ele>126.64758470002562</ele>
        <time>2026-08-06T17:50:51Z</time>
      </trkpt>
      <trkpt lat="34.828856243643344" lon="113.65879727136253">
        <ele>131.24699175264686</ele>
        <time>2026-08-06T17:51:00Z</time>
      </trkpt>
      <trkpt lat="34.828817919439444" lon="113.6587618575678">
        <ele>164.67559809144586</ele>
        <time>2026-08-06T17:52:45Z</time>
      </trkpt>
      <trkpt lat="34.829020273377616" lon="113.65895107017961">
        <ele>102.2031863881275</ele>
        <time>2026-08-06T17:53:22Z</time>
      </trkpt>
      <trkpt lat="34.82891379444821" lon="113.65879763137377">
        <ele>120.32129401154816</ele>
        <time>2026-08-06T17:53:30Z</time>
      </trkpt>
      <trkpt lat="34.82902401688674" lon="113.65890928985947">
        <ele>68.08829614520073</ele>
        <time>2026-08-06T17:54:25Z</time>
      </trkpt>
      <trkpt lat="34.828863630472114" lon="113.65872186913977">
        <ele>124.08897928986698</ele>
        <time>2026-08-06T17:54:34Z</time>
      </trkpt>
      <trkpt lat="34.82884478585627" lon="113.65861444770994">
        <ele>120.51435591746122</ele>
        <time>2026-08-06T17:54:37Z</time>
      </trkpt>
      <trkpt lat="34.828748398337254" lon="113.65857517777309">
        <ele>113.62124330550432</ele>
        <time>2026-08-06T17:54:43Z</time>
      </trkpt>
      <trkpt lat="34.82872627682112" lon="113.65864024807529">
        <ele>114.94369592051953</ele>
        <time>2026-08-06T17:54:49Z</time>
      </trkpt>
      <trkpt lat="34.828821025995246" lon="113.65871324761359">
        <ele>90.19004251714796</ele>
        <time>2026-08-06T17:55:04Z</time>
      </trkpt>
      <trkpt lat="34.82887023487385" lon="113.65872324642416">
        <ele>92.92885243333876</ele>
        <time>2026-08-06T17:55:33Z</time>
      </trkpt>
      <trkpt lat="34.82882590775231" lon="113.6587092488472">
        <ele>128.49216950777918</ele>
        <time>2026-08-06T18:00:31Z</time>
      </trkpt>
      <trkpt lat="34.829057335929456" lon="113.65902290670385">
        <ele>130.17008713725954</ele>
        <time>2026-08-06T18:00:43Z</time>
      </trkpt>
      <trkpt lat="34.828900113882135" lon="113.658811228371">
        <ele>166.1910467306152</ele>
        <time>2026-08-06T18:00:58Z</time>
      </trkpt>
      <trkpt lat="34.828770029704245" lon="113.65872478588871">
        <ele>163.04375223536044</ele>
        <time>2026-08-06T18:01:13Z</time>
      </trkpt>
      <trkpt lat="34.828715521352066" lon="113.6586674585435">
        <ele>163.8634153259918</ele>
        <time>2026-08-06T18:01:25Z</time>
      </trkpt>
      <trkpt lat="34.82876633172075" lon="113.65865213555155">
        <ele>166.1910467306152</ele>
        <time>2026-08-06T18:01:31Z</time>
      </trkpt>
      <trkpt lat="34.82883343779048" lon="113.65874416703585">
        <ele>148.85022908542305</ele>
        <time>2026-08-06T18:02:02Z</time>
      </trkpt>
      <trkpt lat="34.82879065583335" lon="113.6587093316493">
        <ele>144.5340375099331</ele>
        <time>2026-08-06T18:02:11Z</time>
      </trkpt>
      <trkpt lat="34.82887991414492" lon="113.6588542139302">
        <ele>143.27775402739644</ele>
        <time>2026-08-06T18:02:38Z</time>
      </trkpt>
      <trkpt lat="34.82881259413867" lon="113.65867979586372">
        <ele>122.3635814152658</ele>
        <time>2026-08-06T18:02:44Z</time>
      </trkpt>
      <trkpt lat="34.82886871594024" lon="113.65887275572085">
        <ele>113.55243074335158</ele>
        <time>2026-08-06T18:02:53Z</time>
      </trkpt>
      <trkpt lat="34.82896757566785" lon="113.6589779439343">
        <ele>102.50576216448098</ele>
        <time>2026-08-06T18:02:56Z</time>
      </trkpt>
      <trkpt lat="34.829044774614744" lon="113.65903083465088">
        <ele>96.18970787897706</ele>
        <time>2026-08-06T18:02:59Z</time>
      </trkpt>
      <trkpt lat="34.82882642745273" lon="113.65869927847336">
        <ele>166.1910467306152</ele>
        <time>2026-08-06T18:03:05Z</time>
      </trkpt>
      <trkpt lat="34.8288876303023" lon="113.6588037045971">
        <ele>116.32080803066492</ele>
        <time>2026-08-06T18:03:32Z</time>
      </trkpt>
      <trkpt lat="34.82884406079723" lon="113.65882434937576">
        <ele>136.13543972745538</ele>
        <time>2026-08-06T18:04:21Z</time>
      </trkpt>
      <trkpt lat="34.829040912534744" lon="113.65908900534826">
        <ele>108.05370450019836</ele>
        <time>2026-08-06T18:04:39Z</time>
      </trkpt>
      <trkpt lat="34.82884713114066" lon="113.65877674753683">
        <ele>141.37608980573714</ele>
        <time>2026-08-06T18:04:42Z</time>
      </trkpt>
      <trkpt lat="34.82873429025017" lon="113.65872542522541">
        <ele>137.90436252206564</ele>
        <time>2026-08-06T18:04:48Z</time>
      </trkpt>
      <trkpt lat="34.828806936750865" lon="113.6588077098926">
        <ele>146.30402899999171</ele>
        <time>2026-08-06T18:05:18Z</time>
      </trkpt>
      <trkpt lat="34.8288489565379" lon="113.65888677915153">
        <ele>125.04226639401168</ele>
        <time>2026-08-06T18:06:04Z</time>
      </trkpt>
      <trkpt lat="34.82892006184074" lon="113.65894922847673">
        <ele>125.20266467984766</ele>
        <time>2026-08-06T18:06:07Z</time>
      </trkpt>
      <trkpt lat="34.82896932599238" lon="113.65896963439214">
        <ele>133.87635081261396</ele>
        <time>2026-08-06T18:06:16Z</time>
      </trkpt>
      <trkpt lat="34.82880854748823" lon="113.65876275987844">
        <ele>158.71138147078454</ele>
        <time>2026-08-06T18:06:31Z</time>
      </trkpt>
      <trkpt lat="34.82877281012204" lon="113.6587296519884">
        <ele>151.69587896950543</ele>
        <time>2026-08-06T18:07:07Z</time>
      </trkpt>
      <trkpt lat="34.82881699553121" lon="113.65874804513697">
        <ele>115.65919586643577</ele>
        <time>2026-08-06T18:08:15Z</time>
      </trkpt>
      <trkpt lat="34.828986496446255" lon="113.65898341931496">
        <ele>107.03198335226625</ele>
        <time>2026-08-06T18:08:24Z</time>
      </trkpt>
      <trkpt lat="34.82882480459044" lon="113.65871929824327">
        <ele>137.32639300636947</ele>
        <time>2026-08-06T18:08:27Z</time>
      </trkpt>
      <trkpt lat="34.82877778226852" lon="113.65875739420308">
        <ele>135.60556446760893</ele>
        <time>2026-08-06T18:08:33Z</time>
      </trkpt>
      <trkpt lat="34.828786138658664" lon="113.65882652366912">
        <ele>133.1278270073235</ele>
        <time>2026-08-06T18:08:42Z</time>
      </trkpt>
      <trkpt lat="34.82881715758774" lon="113.65887377869987">
        <ele>129.24710585735738</ele>
        <time>2026-08-06T18:08:54Z</time>
      </trkpt>
      <trkpt lat="34.82882254316943" lon="113.65880908822207">
        <ele>166.1910467306152</ele>
        <time>2026-08-06T18:09:03Z</time>
      </trkpt>
      <trkpt lat="34.82879260554208" lon="113.65876205147613">
        <ele>153.3428887296468</ele>
        <time>2026-08-06T18:09:45Z</time>
      </trkpt>
      <trkpt lat="34.82876385628818" lon="113.65871827842231">
        <ele>171.0194855518639</ele>
        <time>2026-08-06T18:12:07Z</time>
      </trkpt>
      <trkpt lat="34.828823324339126" lon="113.65874375978923">
        <ele>135.87159252911806</ele>
        <time>2026-08-06T18:19:30Z</time>
      </trkpt>
      <trkpt lat="34.82896753411089" lon="113.65875570908138">
        <ele>152.8313167579472</ele>
        <time>2026-08-06T18:48:15Z</time>
      </trkpt>
      <trkpt lat="34.82907160887752" lon="113.65879608036663">
        <ele>154.03280688729137</ele>
        <time>2026-08-06T18:48:18Z</time>
      </trkpt>
      <trkpt lat="34.829118926211606" lon="113.65885016121835">
        <ele>151.66456807777286</ele>
        <time>2026-08-06T18:48:21Z</time>
      </trkpt>
      <trkpt lat="34.82886479053932" lon="113.65873695507496">
        <ele>157.59250603429973</ele>
        <time>2026-08-06T18:48:27Z</time>
      </trkpt>
      <trkpt lat="34.82880587617542" lon="113.65873583933617">
        <ele>158.95640497561544</ele>
        <time>2026-08-06T18:48:33Z</time>
      </trkpt>
      <trkpt lat="34.828854582469475" lon="113.65873830185367">
        <ele>148.45476032514125</ele>
        <time>2026-08-06T19:00:26Z</time>
      </trkpt>
      <trkpt lat="34.82880871697679" lon="113.6587363954976">
        <ele>165.18032937776297</ele>
        <time>2026-08-06T19:17:42Z</time>
      </trkpt>
      <trkpt lat="34.82876546844979" lon="113.65871653863435">
        <ele>154.83132877014577</ele>
        <time>2026-08-06T19:27:48Z</time>
      </trkpt>
      <trkpt lat="34.828766913744566" lon="113.65871705378954">
        <ele>160.8630861211568</ele>
        <time>2026-08-06T19:28:38Z</time>
      </trkpt>
      <trkpt lat="34.82872265415308" lon="113.65869078298549">
        <ele>156.29035451170057</ele>
        <time>2026-08-06T19:28:59Z</time>
      </trkpt>
      <trkpt lat="34.82868237766309" lon="113.65871556934879">
        <ele>156.9420471554622</ele>
        <time>2026-08-06T19:36:29Z</time>
      </trkpt>
      <trkpt lat="34.8287432055544" lon="113.65873277624783">
        <ele>154.9507855065167</ele>
        <time>2026-08-06T19:37:02Z</time>
      </trkpt>
      <trkpt lat="34.82862590261151" lon="113.65870147698708">
        <ele>158.6757433814928</ele>
        <time>2026-08-06T19:38:05Z</time>
      </trkpt>
      <trkpt lat="34.8286795708242" lon="113.65870053618521">
        <ele>147.86671493854374</ele>
        <time>2026-08-06T19:38:14Z</time>
      </trkpt>
      <trkpt lat="34.82872324665587" lon="113.65871863960052">
        <ele>145.02421169634908</ele>
        <time>2026-08-06T19:44:26Z</time>
      </trkpt>
      <trkpt lat="34.82876832135068" lon="113.65873060985832">
        <ele>142.83404820784926</ele>
        <time>2026-08-06T19:51:50Z</time>
      </trkpt>
      <trkpt lat="34.82879993729051" lon="113.6587696903951">
        <ele>146.52188087906688</ele>
        <time>2026-08-06T19:59:57Z</time>
      </trkpt>
      <trkpt lat="34.828846270803595" lon="113.65877072661304">
        <ele>129.84263879060745</ele>
        <time>2026-08-06T20:08:59Z</time>
      </trkpt>
      <trkpt lat="34.82879208038923" lon="113.65878875111778">
        <ele>152.84088561404496</ele>
        <time>2026-08-06T20:09:14Z</time>
      </trkpt>
      <trkpt lat="34.82868209911589" lon="113.65879055362453">
        <ele>161.58416535519063</ele>
        <time>2026-08-06T20:09:29Z</time>
      </trkpt>
      <trkpt lat="34.82872638273747" lon="113.65877174173451">
        <ele>149.83503230568022</ele>
        <time>2026-08-06T20:15:41Z</time>
      </trkpt>
      <trkpt lat="34.82877201684574" lon="113.65876209171154">
        <ele>133.72001184150577</ele>
        <time>2026-08-06T20:18:06Z</time>
      </trkpt>
      <trkpt lat="34.828815092163936" lon="113.65874360895316">
        <ele>139.77065717242658</ele>
        <time>2026-08-06T20:19:45Z</time>
      </trkpt>
      <trkpt lat="34.828773091345866" lon="113.65872375505378">
        <ele>158.20662818662822</ele>
        <time>2026-08-06T20:22:47Z</time>
      </trkpt>
      <trkpt lat="34.82873240808214" lon="113.65874733801837">
        <ele>163.32409911137074</ele>
        <time>2026-08-06T20:24:11Z</time>
      </trkpt>
      <trkpt lat="34.8286687065026" lon="113.65877157231238">
        <ele>170.47342199459672</ele>
        <time>2026-08-06T20:25:06Z</time>
      </trkpt>
      <trkpt lat="34.82868773348009" lon="113.65882332455062">
        <ele>169.84133795741946</ele>
        <time>2026-08-06T20:27:25Z</time>
      </trkpt>
      <trkpt lat="34.82864856484223" lon="113.65885998825236">
        <ele>178.09879593085498</ele>
        <time>2026-08-06T20:29:54Z</time>
      </trkpt>
      <trkpt lat="34.82867590847702" lon="113.65880842067456">
        <ele>167.63071860186756</ele>
        <time>2026-08-06T20:30:30Z</time>
      </trkpt>
      <trkpt lat="34.8287479646558" lon="113.65873314592703">
        <ele>156.4392919689417</ele>
        <time>2026-08-06T20:31:01Z</time>
      </trkpt>
      <trkpt lat="34.828813715803335" lon="113.658759981283">
        <ele>156.42150934506208</ele>
        <time>2026-08-06T20:31:07Z</time>
      </trkpt>
      <trkpt lat="34.8288402342623" lon="113.65881246858352">
        <ele>161.8730344120413</ele>
        <time>2026-08-06T20:31:40Z</time>
      </trkpt>
      <trkpt lat="34.828757410791226" lon="113.65887265274174">
        <ele>179.73448237869889</ele>
        <time>2026-08-06T20:32:25Z</time>
      </trkpt>
      <trkpt lat="34.828719949385054" lon="113.65883491564925">
        <ele>172.38943471945822</ele>
        <time>2026-08-06T20:33:12Z</time>
      </trkpt>
      <trkpt lat="34.82875822510603" lon="113.65890455855332">
        <ele>173.5858210194856</ele>
        <time>2026-08-06T20:33:51Z</time>
      </trkpt>
      <trkpt lat="34.82862579271983" lon="113.65899516397627">
        <ele>199.5901677152142</ele>
        <time>2026-08-06T20:34:06Z</time>
      </trkpt>
      <trkpt lat="34.82855819047744" lon="113.65898540189792">
        <ele>211.71606017369777</ele>
        <time>2026-08-06T20:34:09Z</time>
      </trkpt>
      <trkpt lat="34.82866533496487" lon="113.65883675553715">
        <ele>190.23216787632555</ele>
        <time>2026-08-06T20:34:12Z</time>
      </trkpt>
      <trkpt lat="34.8286050528948" lon="113.6589022880856">
        <ele>195.58556589111686</ele>
        <time>2026-08-06T20:34:18Z</time>
      </trkpt>
      <trkpt lat="34.82847139712673" lon="113.65891867991402">
        <ele>206.52980011329055</ele>
        <time>2026-08-06T20:34:27Z</time>
      </trkpt>
      <trkpt lat="34.82839833386162" lon="113.65890001725768">
        <ele>214.2001677872613</ele>
        <time>2026-08-06T20:34:30Z</time>
      </trkpt>
      <trkpt lat="34.828168119912156" lon="113.65877693448878">
        <ele>229.64738825522363</ele>
        <time>2026-08-06T20:34:42Z</time>
      </trkpt>
      <trkpt lat="34.82865741164778" lon="113.65886603064038">
        <ele>182.6335125528276</ele>
        <time>2026-08-06T20:34:54Z</time>
      </trkpt>
      <trkpt lat="34.82864575026814" lon="113.65898232787282">
        <ele>185.9473389191553</ele>
        <time>2026-08-06T20:35:04Z</time>
      </trkpt>
      <trkpt lat="34.82860318421061" lon="113.65906068233652">
        <ele>192.87332802917808</ele>
        <time>2026-08-06T20:35:11Z</time>
      </trkpt>
      <trkpt lat="34.82867734834501" lon="113.65887418662939">
        <ele>181.02035701368004</ele>
        <time>2026-08-06T20:35:18Z</time>
      </trkpt>
      <trkpt lat="34.828639985278286" lon="113.6589336468046">
        <ele>187.36855728179216</ele>
        <time>2026-08-06T20:35:27Z</time>
      </trkpt>
      <trkpt lat="34.82872728588772" lon="113.65902522912451">
        <ele>161.38871773332357</ele>
        <time>2026-08-06T20:35:39Z</time>
      </trkpt>
      <trkpt lat="34.82919766372618" lon="113.65934718450116">
        <ele>156.56545683927837</ele>
        <time>2026-08-06T20:35:45Z</time>
      </trkpt>
      <trkpt lat="34.82923161702797" lon="113.65939472689797">
        <ele>156.98744089528918</ele>
        <time>2026-08-06T20:35:48Z</time>
      </trkpt>
      <trkpt lat="34.82907878154714" lon="113.65934410786448">
        <ele>175.58437213674188</ele>
        <time>2026-08-06T20:36:09Z</time>
      </trkpt>
      <trkpt lat="34.828911378952775" lon="113.65917665258412">
        <ele>181.77855853829533</ele>
        <time>2026-08-06T20:36:12Z</time>
      </trkpt>
      <trkpt lat="34.82878793775263" lon="113.65915222313346">
        <ele>190.0207335362211</ele>
        <time>2026-08-06T20:36:18Z</time>
      </trkpt>
      <trkpt lat="34.82876828842905" lon="113.65897883316323">
        <ele>178.03721000254154</ele>
        <time>2026-08-06T20:36:21Z</time>
      </trkpt>
      <trkpt lat="34.82870803097252" lon="113.65889963305425">
        <ele>179.035889711231</ele>
        <time>2026-08-06T20:36:24Z</time>
      </trkpt>
      <trkpt lat="34.82865897179136" lon="113.65888062338867">
        <ele>186.41235439106822</ele>
        <time>2026-08-06T20:36:33Z</time>
      </trkpt>
      <trkpt lat="34.828569894340546" lon="113.65892305865565">
        <ele>211.29620939586312</ele>
        <time>2026-08-06T20:36:51Z</time>
      </trkpt>
      <trkpt lat="34.828611736195946" lon="113.65886707108187">
        <ele>198.22723544575274</ele>
        <time>2026-08-06T20:36:54Z</time>
      </trkpt>
      <trkpt lat="34.82857454145868" lon="113.65891402124947">
        <ele>200.33197485096753</ele>
        <time>2026-08-06T20:37:03Z</time>
      </trkpt>
      <trkpt lat="34.828569125834576" lon="113.65897415044287">
        <ele>194.01541009172797</ele>
        <time>2026-08-06T20:37:10Z</time>
      </trkpt>
      <trkpt lat="34.828532947803495" lon="113.6590353405277">
        <ele>201.58671394456178</ele>
        <time>2026-08-06T20:37:22Z</time>
      </trkpt>
      <trkpt lat="34.828594920799496" lon="113.65900298601736">
        <ele>191.61855591181666</ele>
        <time>2026-08-06T20:37:31Z</time>
      </trkpt>
      <trkpt lat="34.82869447171489" lon="113.65885221445764">
        <ele>171.3494117995724</ele>
        <time>2026-08-06T20:38:01Z</time>
      </trkpt>
      <trkpt lat="34.82882621665399" lon="113.65872550759507">
        <ele>168.28189128264785</ele>
        <time>2026-08-06T20:38:04Z</time>
      </trkpt>
      <trkpt lat="34.828910483750086" lon="113.65869320954205">
        <ele>166.0977491606027</ele>
        <time>2026-08-06T20:38:07Z</time>
      </trkpt>
      <trkpt lat="34.82887818994378" lon="113.65878694749117">
        <ele>163.02284449338913</ele>
        <time>2026-08-06T20:38:10Z</time>
      </trkpt>
      <trkpt lat="34.829008178254846" lon="113.65882817848305">
        <ele>163.3418783415109</ele>
        <time>2026-08-06T20:38:19Z</time>
      </trkpt>
      <trkpt lat="34.8289758512559" lon="113.65877954199168">
        <ele>172.16196471545845</ele>
        <time>2026-08-06T20:38:31Z</time>
      </trkpt>
      <trkpt lat="34.82905838251137" lon="113.65881329961228">
        <ele>163.13927629590034</ele>
        <time>2026-08-06T20:38:49Z</time>
      </trkpt>
      <trkpt lat="34.82929601723344" lon="113.65900043676703">
        <ele>153.58869491145015</ele>
        <time>2026-08-06T20:38:58Z</time>
      </trkpt>
      <trkpt lat="34.82904661797061" lon="113.65880066144044">
        <ele>175.7650892008096</ele>
        <time>2026-08-06T20:39:04Z</time>
      </trkpt>
      <trkpt lat="34.829088946225234" lon="113.6588298748755">
        <ele>175.42942170333117</ele>
        <time>2026-08-06T20:39:07Z</time>
      </trkpt>
      <trkpt lat="34.82895105384165" lon="113.65871600462093">
        <ele>177.6366502996534</ele>
        <time>2026-08-06T20:39:38Z</time>
      </trkpt>
      <trkpt lat="34.82890707984779" lon="113.65866541504533">
        <ele>192.32047257572412</ele>
        <time>2026-08-06T20:40:35Z</time>
      </trkpt>
      <trkpt lat="34.82859371308661" lon="113.65850306047706">
        <ele>170.0393246356398</ele>
        <time>2026-08-06T20:40:47Z</time>
      </trkpt>
      <trkpt lat="34.8287780850324" lon="113.6586322597088">
        <ele>158.68752928636968</ele>
        <time>2026-08-06T20:41:08Z</time>
      </trkpt>
      <trkpt lat="34.82886488985251" lon="113.65868318176999">
        <ele>171.39808386098593</ele>
        <time>2026-08-06T20:41:29Z</time>
      </trkpt>
      <trkpt lat="34.82891810145072" lon="113.65866961868714">
        <ele>186.81770279817283</ele>
        <time>2026-08-06T20:41:36Z</time>
      </trkpt>
      <trkpt lat="34.82884984423805" lon="113.65865119745311">
        <ele>180.20296018756926</ele>
        <time>2026-08-06T20:41:42Z</time>
      </trkpt>
      <trkpt lat="34.82863894210925" lon="113.6585340908291">
        <ele>169.92941288650036</ele>
        <time>2026-08-06T20:41:48Z</time>
      </trkpt>
      <trkpt lat="34.8287283918193" lon="113.65862602990924">
        <ele>148.87645964417607</ele>
        <time>2026-08-06T20:42:24Z</time>
      </trkpt>
      <trkpt lat="34.828764486746664" lon="113.65865856591105">
        <ele>150.17961740959436</ele>
        <time>2026-08-06T20:45:11Z</time>
      </trkpt>
      <trkpt lat="34.82879069762973" lon="113.65870541981204">
        <ele>144.67296788468957</ele>
        <time>2026-08-06T20:51:35Z</time>
      </trkpt>
      <trkpt lat="34.828829712614464" lon="113.65873312883149">
        <ele>147.30880380608141</ele>
        <time>2026-08-06T21:02:45Z</time>
      </trkpt>
      <trkpt lat="34.82887206056517" lon="113.65866895300755">
        <ele>128.24596917442977</ele>
        <time>2026-08-06T21:05:39Z</time>
      </trkpt>
      <trkpt lat="34.828927933494455" lon="113.65863263903746">
        <ele>114.22742546070367</ele>
        <time>2026-08-06T21:05:45Z</time>
      </trkpt>
      <trkpt lat="34.829000889548844" lon="113.65862558450252">
        <ele>111.08955641370267</ele>
        <time>2026-08-06T21:05:48Z</time>
      </trkpt>
      <trkpt lat="34.82924740305349" lon="113.65854071017411">
        <ele>99.2611346617341</ele>
        <time>2026-08-06T21:05:57Z</time>
      </trkpt>
      <trkpt lat="34.82940134364241" lon="113.65851006837289">
        <ele>82.451590067707</ele>
        <time>2026-08-06T21:06:03Z</time>
      </trkpt>
      <trkpt lat="34.82994234692126" lon="113.65870798244806">
        <ele>94.12857695482671</ele>
        <time>2026-08-06T21:06:18Z</time>
      </trkpt>
      <trkpt lat="34.82964250315484" lon="113.65866249368003">
        <ele>121.36829710099846</ele>
        <time>2026-08-06T21:06:30Z</time>
      </trkpt>
      <trkpt lat="34.829633155388606" lon="113.65858587297117">
        <ele>113.20259195193648</ele>
        <time>2026-08-06T21:06:34Z</time>
      </trkpt>
      <trkpt lat="34.82955755396253" lon="113.65859287069725">
        <ele>114.19383949693292</ele>
        <time>2026-08-06T21:06:48Z</time>
      </trkpt>
      <trkpt lat="34.82964943987262" lon="113.65861391208887">
        <ele>89.88306453730911</ele>
        <time>2026-08-06T21:07:06Z</time>
      </trkpt>
      <trkpt lat="34.82952684980846" lon="113.65863235612115">
        <ele>85.41538544557989</ele>
        <time>2026-08-06T21:07:12Z</time>
      </trkpt>
      <trkpt lat="34.82971600547498" lon="113.658638675954">
        <ele>77.46689947508276</ele>
        <time>2026-08-06T21:07:33Z</time>
      </trkpt>
      <trkpt lat="34.82976376276863" lon="113.6586440495678">
        <ele>96.8426941325888</ele>
        <time>2026-08-06T21:07:54Z</time>
      </trkpt>
      <trkpt lat="34.82957767594189" lon="113.65863823655802">
        <ele>127.32474203314632</ele>
        <time>2026-08-06T21:08:24Z</time>
      </trkpt>
      <trkpt lat="34.829291209232174" lon="113.65868581268855">
        <ele>124.55498533789068</ele>
        <time>2026-08-06T21:08:36Z</time>
      </trkpt>
      <trkpt lat="34.82912814340554" lon="113.65868882828592">
        <ele>122.69494719989598</ele>
        <time>2026-08-06T21:08:40Z</time>
      </trkpt>
      <trkpt lat="34.82894287326564" lon="113.65869653862914">
        <ele>149.1874443469569</ele>
        <time>2026-08-06T21:09:04Z</time>
      </trkpt>
      <trkpt lat="34.828999142586696" lon="113.65871555415374">
        <ele>124.29482616856694</ele>
        <time>2026-08-06T21:09:25Z</time>
      </trkpt>
      <trkpt lat="34.82894979607558" lon="113.65872265682574">
        <ele>142.58657586108893</ele>
        <time>2026-08-06T21:10:25Z</time>
      </trkpt>
      <trkpt lat="34.82890407531521" lon="113.65872735174035">
        <ele>148.0541622331366</ele>
        <time>2026-08-06T21:10:50Z</time>
      </trkpt>
      <trkpt lat="34.828858328122614" lon="113.65872460844733">
        <ele>159.09199156612158</ele>
        <time>2026-08-06T21:11:56Z</time>
      </trkpt>
      <trkpt lat="34.82881304896398" lon="113.65871271364186">
        <ele>152.2399693345651</ele>
        <time>2026-08-06T21:13:35Z</time>
      </trkpt>
      <trkpt lat="34.82874774458026" lon="113.6586974298436">
        <ele>135.0231330152601</ele>
        <time>2026-08-06T21:19:52Z</time>
      </trkpt>
      <trkpt lat="34.82870276306099" lon="113.65871493662034">
        <ele>138.02730663865805</ele>
        <time>2026-08-06T21:20:01Z</time>
      </trkpt>
      <trkpt lat="34.82867321965344" lon="113.6587564931504">
        <ele>108.85890832357109</ele>
        <time>2026-08-06T21:20:34Z</time>
      </trkpt>
      <trkpt lat="34.828795994716046" lon="113.65877876088736">
        <ele>113.92541386652738</ele>
        <time>2026-08-06T21:21:13Z</time>
      </trkpt>
      <trkpt lat="34.82869746921639" lon="113.65889993770281">
        <ele>99.38726946432143</ele>
        <time>2026-08-06T21:21:35Z</time>
      </trkpt>
      <trkpt lat="34.82876631682146" lon="113.6588514683802">
        <ele>119.39241520222276</ele>
        <time>2026-08-06T21:21:41Z</time>
      </trkpt>
      <trkpt lat="34.82872021280734" lon="113.6588659091093">
        <ele>108.70737797953188</ele>
        <time>2026-08-06T21:22:08Z</time>
      </trkpt>
      <trkpt lat="34.828834828632615" lon="113.6587518920921">
        <ele>141.60773398075253</ele>
        <time>2026-08-06T21:22:17Z</time>
      </trkpt>
      <trkpt lat="34.82887291222425" lon="113.65871165164297">
        <ele>151.24144478235394</ele>
        <time>2026-08-06T21:22:41Z</time>
      </trkpt>
      <trkpt lat="34.82882611891044" lon="113.65869601333506">
        <ele>147.09128487668931</ele>
        <time>2026-08-06T21:23:48Z</time>
      </trkpt>
      <trkpt lat="34.82871263640799" lon="113.65875266515883">
        <ele>132.99923932552338</ele>
        <time>2026-08-06T21:26:20Z</time>
      </trkpt>
      <trkpt lat="34.82878700209561" lon="113.65874940816904">
        <ele>142.44677400402725</ele>
        <time>2026-08-06T21:26:32Z</time>
      </trkpt>
      <trkpt lat="34.82858188865415" lon="113.65889231728266">
        <ele>116.21972357388586</ele>
        <time>2026-08-06T21:26:44Z</time>
      </trkpt>
      <trkpt lat="34.82848115589663" lon="113.65897007882262">
        <ele>111.33574470784515</ele>
        <time>2026-08-06T21:26:50Z</time>
      </trkpt>
      <trkpt lat="34.82873587415656" lon="113.65882451764824">
        <ele>135.0892641954124</ele>
        <time>2026-08-06T21:27:02Z</time>
      </trkpt>
      <trkpt lat="34.82884715415432" lon="113.65880188643632">
        <ele>137.4881657510996</ele>
        <time>2026-08-06T21:27:17Z</time>
      </trkpt>
      <trkpt lat="34.82880771435616" lon="113.65876633987824">
        <ele>148.15234197024256</ele>
        <time>2026-08-06T21:27:48Z</time>
      </trkpt>
      <trkpt lat="34.82876077235879" lon="113.65875496736737">
        <ele>150.6261589396745</ele>
        <time>2026-08-06T21:28:21Z</time>
      </trkpt>
      <trkpt lat="34.82872097557778" lon="113.65872383611908">
        <ele>144.08686772733927</ele>
        <time>2026-08-06T21:30:02Z</time>
      </trkpt>
      <trkpt lat="34.82871846162487" lon="113.65866806404073">
        <ele>154.8364136274904</ele>
        <time>2026-08-06T21:33:06Z</time>
      </trkpt>
      <trkpt lat="34.828763150982354" lon="113.65865709614094">
        <ele>131.08964730147272</ele>
        <time>2026-08-06T21:37:05Z</time>
      </trkpt>
      <trkpt lat="34.828672423684345" lon="113.65859597321139">
        <ele>181.51366472709924</ele>
        <time>2026-08-06T21:42:25Z</time>
      </trkpt>
      <trkpt lat="34.8286243831224" lon="113.65857704668294">
        <ele>185.6673807417974</ele>
        <time>2026-08-06T21:42:53Z</time>
      </trkpt>
      <trkpt lat="34.82857158343639" lon="113.65856669710654">
        <ele>179.47092749364674</ele>
        <time>2026-08-06T21:43:29Z</time>
      </trkpt>
      <trkpt lat="34.82863546749364" lon="113.65859865776126">
        <ele>161.9577186172828</ele>
        <time>2026-08-06T21:43:35Z</time>
      </trkpt>
      <trkpt lat="34.82867410603143" lon="113.6586359580079">
        <ele>159.1377017647028</ele>
        <time>2026-08-06T21:44:21Z</time>
      </trkpt>
      <trkpt lat="34.82871303731741" lon="113.65866505771801">
        <ele>149.5921228295192</ele>
        <time>2026-08-06T21:45:24Z</time>
      </trkpt>
      <trkpt lat="34.82874957101872" lon="113.6586985361519">
        <ele>149.89075635373592</ele>
        <time>2026-08-06T21:47:38Z</time>
      </trkpt>
      <trkpt lat="34.82878310398322" lon="113.65873524097971">
        <ele>141.46119401417673</ele>
        <time>2026-08-06T21:52:24Z</time>
      </trkpt>
      <trkpt lat="34.8288633407502" lon="113.6587360851877">
        <ele>151.50822050496936</ele>
        <time>2026-08-06T21:52:36Z</time>
      </trkpt>
      <trkpt lat="34.828961434497835" lon="113.65877673744127">
        <ele>147.84599196724594</ele>
        <time>2026-08-06T21:53:07Z</time>
      </trkpt>
      <trkpt lat="34.8288590436077" lon="113.65875087792786">
        <ele>161.56227550748736</ele>
        <time>2026-08-06T21:53:10Z</time>
      </trkpt>
      <trkpt lat="34.82881372672705" lon="113.65876314576089">
        <ele>159.20195165276527</ele>
        <time>2026-08-06T21:53:19Z</time>
      </trkpt>
      <trkpt lat="34.82876998796792" lon="113.6587766216319">
        <ele>167.6483965050429</ele>
        <time>2026-08-06T23:06:45Z</time>
      </trkpt>
      <trkpt lat="34.82872432565261" lon="113.65877315867016">
        <ele>167.6483965050429</ele>
        <time>2026-08-06T23:09:35Z</time>
      </trkpt>
      <trkpt lat="34.828679313611325" lon="113.65876969753036">
        <ele>167.6483965050429</ele>
        <time>2026-08-06T23:17:10Z</time>
      </trkpt>
    </trkseg>
  </trk>
</gpx>